userId,task,number_interactions_with_assistant,spent_time_with_assistant (seconds),number_interactions_with_tables,spent_time_with_tables (seconds),confidence,arousal,valence,understanding,task_time (seconds),age,education,assistant_usage,experience_analysis_tools
124,1,2,16,,,6.0,6.0,5.0,7.0,56.0,30.0,bachelor,weekly,5.0
124,2,1,0,,,1.0,5.0,1.0,1.0,103.0,30.0,bachelor,weekly,5.0
124,3,4,81,,,2.0,5.0,3.0,3.0,124.0,30.0,bachelor,weekly,5.0
124,4,4,77,,,1.0,5.0,1.0,1.0,103.0,30.0,bachelor,weekly,5.0
124,5,2,31,,,1.0,5.0,1.0,1.0,85.0,30.0,bachelor,weekly,5.0
125,1,4,98,,,4.0,7.0,5.0,7.0,315.0,49.0,bachelor,daily,7.0
125,2,4,75,,,4.0,7.0,6.0,4.0,212.0,49.0,bachelor,daily,7.0
125,3,4,67,,,4.0,7.0,6.0,4.0,172.0,49.0,bachelor,daily,7.0
125,4,6,118,,,4.0,7.0,6.0,4.0,189.0,49.0,bachelor,daily,7.0
125,5,4,71,1.0,0.0,4.0,7.0,6.0,4.0,238.0,49.0,bachelor,daily,7.0
126,1,2,35,,,4.0,2.0,2.0,4.0,157.0,23.0,abitur,monthly,2.0
126,2,6,104,,,4.0,2.0,2.0,3.0,197.0,23.0,abitur,monthly,2.0
126,3,5,166,,,4.0,3.0,2.0,2.0,255.0,23.0,abitur,monthly,2.0
126,4,4,73,,,4.0,2.0,1.0,4.0,167.0,23.0,abitur,monthly,2.0
126,5,4,64,,,4.0,2.0,1.0,4.0,100.0,23.0,abitur,monthly,2.0
127,1,1,0,,,,,,,,,,,
127,5,3,264,,,,,,,,,,,
128,1,4,44,,,5.0,5.0,5.0,4.0,227.0,29.0,abitur,monthly,3.0
128,2,8,195,,,7.0,5.0,5.0,7.0,332.0,29.0,abitur,monthly,3.0
128,3,4,148,,,4.0,5.0,4.0,6.0,241.0,29.0,abitur,monthly,3.0
128,4,6,111,,,6.0,5.0,5.0,7.0,409.0,29.0,abitur,monthly,3.0
128,5,7,440,,,6.0,5.0,4.0,6.0,273.0,29.0,abitur,monthly,3.0
129,1,2,19,,,5.0,7.0,4.0,7.0,127.0,28.0,bachelor,weekly,5.0
129,2,6,146,,,6.0,7.0,2.0,7.0,284.0,28.0,bachelor,weekly,5.0
129,3,4,61,9.0,81.0,7.0,7.0,5.0,7.0,247.0,28.0,bachelor,weekly,5.0
129,4,8,158,,,1.0,7.0,1.0,7.0,270.0,28.0,bachelor,weekly,5.0
129,5,6,122,,,5.0,7.0,3.0,6.0,337.0,28.0,bachelor,weekly,5.0
131,1,3,56,39.0,518.0,6.0,6.0,3.0,6.0,695.0,33.0,master,daily,5.0
131,2,6,147,16.0,141.0,7.0,6.0,3.0,7.0,249.0,33.0,master,daily,5.0
131,3,4,87,3.0,24.0,7.0,6.0,4.0,7.0,151.0,33.0,master,daily,5.0
131,4,8,160,19.0,167.0,7.0,6.0,2.0,6.0,238.0,33.0,master,daily,5.0
131,5,10,192,5.0,14.0,6.0,7.0,4.0,6.0,307.0,33.0,master,daily,5.0
133,1,8,212,,,1.0,7.0,3.0,3.0,343.0,46.0,bachelor,monthly,3.0
133,2,6,95,,,4.0,7.0,3.0,4.0,188.0,46.0,bachelor,monthly,3.0
133,3,6,197,1.0,0.0,5.0,7.0,5.0,5.0,326.0,46.0,bachelor,monthly,3.0
133,4,11,433,,,4.0,7.0,4.0,4.0,121.0,46.0,bachelor,monthly,3.0
133,5,4,97,,,5.0,7.0,5.0,5.0,180.0,46.0,bachelor,monthly,3.0
134,1,1,0,10.0,33.0,2.0,5.0,1.0,1.0,420.0,24.0,middle_school,yearly,1.0
134,2,4,107,12.0,251.0,1.0,6.0,1.0,1.0,398.0,24.0,middle_school,yearly,1.0
134,3,4,113,,,5.0,5.0,4.0,5.0,188.0,24.0,middle_school,yearly,1.0
134,4,5,92,20.0,226.0,4.0,6.0,1.0,1.0,342.0,24.0,middle_school,yearly,1.0
134,5,4,162,15.0,151.0,5.0,5.0,4.0,4.0,291.0,24.0,middle_school,yearly,1.0
135,1,4,64,,,2.0,5.0,2.0,3.0,344.0,28.0,bachelor,monthly,4.0
135,2,6,101,,,1.0,5.0,2.0,4.0,219.0,28.0,bachelor,monthly,4.0
135,3,8,130,,,2.0,5.0,2.0,4.0,220.0,28.0,bachelor,monthly,4.0
135,4,6,95,,,1.0,3.0,2.0,2.0,219.0,28.0,bachelor,monthly,4.0
135,5,10,177,,,4.0,5.0,2.0,5.0,1000.0,28.0,bachelor,monthly,4.0
136,1,2,13,,,2.0,1.0,1.0,2.0,146.0,60.0,master,monthly,1.0
136,2,6,226,2.0,23.0,2.0,2.0,2.0,3.0,361.0,60.0,master,monthly,1.0
136,3,4,99,,,1.0,1.0,1.0,2.0,174.0,60.0,master,monthly,1.0
136,4,4,269,4.0,72.0,1.0,1.0,1.0,1.0,344.0,60.0,master,monthly,1.0
136,5,4,92,4.0,8.0,2.0,1.0,1.0,1.0,173.0,60.0,master,monthly,1.0
138,1,2,17,,,5.0,3.0,4.0,5.0,221.0,23.0,abitur,weekly,4.0
138,2,8,195,,,1.0,5.0,2.0,3.0,282.0,23.0,abitur,weekly,4.0
138,3,4,44,,,5.0,3.0,4.0,5.0,142.0,23.0,abitur,weekly,4.0
138,4,4,52,,,5.0,5.0,4.0,4.0,155.0,23.0,abitur,weekly,4.0
138,5,6,90,,,3.0,3.0,3.0,5.0,199.0,23.0,abitur,weekly,4.0
140,1,1,0,6.0,39.0,1.0,5.0,2.0,2.0,242.0,42.0,phd,weekly,5.0
140,2,8,125,,,4.0,5.0,3.0,3.0,180.0,42.0,phd,weekly,5.0
140,3,8,111,,,1.0,5.0,2.0,1.0,172.0,42.0,phd,weekly,5.0
140,4,8,166,,,1.0,6.0,1.0,1.0,207.0,42.0,phd,weekly,5.0
140,5,6,111,,,3.0,6.0,2.0,1.0,139.0,42.0,phd,weekly,5.0
141,1,5,93,,,1.0,3.0,1.0,2.0,291.0,27.0,middle_school,monthly,3.0
141,2,4,73,6.0,13.0,1.0,2.0,3.0,2.0,161.0,27.0,middle_school,monthly,3.0
141,3,8,157,,,4.0,3.0,3.0,4.0,218.0,27.0,middle_school,monthly,3.0
141,4,8,369,11.0,289.0,4.0,3.0,3.0,4.0,486.0,27.0,middle_school,monthly,3.0
141,5,8,261,5.0,173.0,6.0,3.0,3.0,5.0,484.0,27.0,middle_school,monthly,3.0
142,1,4,78,,,1.0,3.0,1.0,2.0,159.0,35.0,master,daily,6.0
142,2,5,73,,,1.0,5.0,1.0,4.0,323.0,35.0,master,daily,6.0
142,3,6,88,,,1.0,5.0,1.0,3.0,140.0,35.0,master,daily,6.0
142,4,4,61,,,3.0,3.0,3.0,3.0,118.0,35.0,master,daily,6.0
142,5,4,68,,,2.0,5.0,3.0,3.0,115.0,35.0,master,daily,6.0
143,1,1,0,,,1.0,5.0,1.0,1.0,321.0,52.0,bachelor,weekly,5.0
143,2,4,50,2.0,11.0,6.0,5.0,3.0,6.0,210.0,52.0,bachelor,weekly,5.0
143,3,6,126,,,4.0,5.0,3.0,6.0,239.0,52.0,bachelor,weekly,5.0
143,4,10,255,5.0,261.0,1.0,5.0,2.0,4.0,456.0,52.0,bachelor,weekly,5.0
143,5,4,112,2.0,107.0,5.0,5.0,3.0,6.0,260.0,52.0,bachelor,weekly,5.0
144,1,8,223,,,4.0,2.0,3.0,4.0,152.0,32.0,bachelor,weekly,1.0
144,2,10,128,,,4.0,3.0,4.0,4.0,177.0,32.0,bachelor,weekly,1.0
144,3,4,52,,,2.0,3.0,4.0,4.0,141.0,32.0,bachelor,weekly,1.0
144,4,6,99,,,4.0,3.0,4.0,4.0,148.0,32.0,bachelor,weekly,1.0
144,5,6,75,,,4.0,3.0,4.0,5.0,122.0,32.0,bachelor,weekly,1.0
145,1,1,0,,,1.0,3.0,1.0,1.0,302.0,24.0,abitur,weekly,4.0
149,1,2,12,2.0,4.0,6.0,3.0,4.0,4.0,109.0,21.0,abitur,weekly,5.0
149,2,4,35,,,1.0,5.0,1.0,1.0,171.0,21.0,abitur,weekly,5.0
149,3,4,45,1.0,0.0,3.0,5.0,3.0,2.0,108.0,21.0,abitur,weekly,5.0
149,4,6,62,,,5.0,5.0,3.0,4.0,212.0,21.0,abitur,weekly,5.0
149,5,10,217,,,4.0,5.0,2.0,3.0,300.0,21.0,abitur,weekly,5.0
150,1,10,236,,,1.0,6.0,1.0,1.0,362.0,29.0,bachelor,weekly,6.0
150,2,12,297,4.0,90.0,5.0,5.0,3.0,2.0,387.0,29.0,bachelor,weekly,6.0
150,3,8,141,,,7.0,5.0,4.0,6.0,194.0,29.0,bachelor,weekly,6.0
150,4,4,47,,,4.0,5.0,2.0,4.0,136.0,29.0,bachelor,weekly,6.0
150,5,4,78,,,7.0,5.0,4.0,7.0,127.0,29.0,bachelor,weekly,6.0
151,1,4,39,3.0,65.0,4.0,5.0,1.0,1.0,352.0,27.0,master,monthly,5.0
151,2,6,101,5.0,97.0,6.0,2.0,1.0,1.0,317.0,27.0,master,monthly,5.0
151,3,1,0,9.0,136.0,2.0,6.0,1.0,1.0,188.0,27.0,master,monthly,5.0
151,4,10,265,11.0,289.0,1.0,6.0,1.0,1.0,422.0,27.0,master,monthly,5.0
151,5,1,0,5.0,74.0,7.0,3.0,1.0,1.0,193.0,27.0,master,monthly,5.0
152,1,6,79,,,1.0,3.0,2.0,2.0,217.0,24.0,bachelor,daily,4.0
152,2,6,96,,,1.0,5.0,2.0,3.0,183.0,24.0,bachelor,daily,4.0
152,3,4,50,,,5.0,5.0,4.0,5.0,543.0,24.0,bachelor,daily,4.0
152,4,4,97,2.0,2.0,5.0,3.0,4.0,5.0,12.0,24.0,bachelor,daily,4.0
152,5,4,60,,,6.0,3.0,5.0,6.0,120.0,24.0,bachelor,daily,4.0
153,1,3,70,4.0,50.0,1.0,6.0,2.0,3.0,258.0,22.0,bachelor,weekly,2.0
153,2,5,75,2.0,41.0,2.0,6.0,2.0,5.0,258.0,22.0,bachelor,weekly,2.0
153,3,6,93,8.0,23.0,3.0,5.0,3.0,2.0,211.0,22.0,bachelor,weekly,2.0
153,4,6,84,,,6.0,6.0,4.0,4.0,136.0,22.0,bachelor,weekly,2.0
153,5,4,80,,,6.0,6.0,4.0,5.0,150.0,22.0,bachelor,weekly,2.0
154,1,4,69,,,1.0,6.0,1.0,6.0,122.0,24.0,bachelor,monthly,5.0
154,2,20,228,,,2.0,7.0,1.0,7.0,286.0,24.0,bachelor,monthly,5.0
154,3,10,109,,,6.0,6.0,3.0,5.0,157.0,24.0,bachelor,monthly,5.0
154,4,18,194,,,1.0,7.0,1.0,4.0,242.0,24.0,bachelor,monthly,5.0
154,5,4,49,,,4.0,6.0,1.0,5.0,100.0,24.0,bachelor,monthly,5.0
155,1,1,0,4.0,27.0,1.0,5.0,3.0,7.0,276.0,34.0,master,monthly,7.0
155,2,8,114,1.0,0.0,6.0,5.0,4.0,7.0,205.0,34.0,master,monthly,7.0
155,3,6,91,,,6.0,5.0,4.0,7.0,180.0,34.0,master,monthly,7.0
155,4,6,58,,,6.0,3.0,4.0,7.0,131.0,34.0,master,monthly,7.0
155,5,4,67,1.0,0.0,6.0,5.0,4.0,7.0,145.0,34.0,master,monthly,7.0
156,1,2,15,,,2.0,6.0,3.0,2.0,248.0,26.0,abitur,weekly,2.0
156,2,8,201,,,4.0,6.0,4.0,3.0,301.0,26.0,abitur,weekly,2.0
156,3,8,192,4.0,11.0,3.0,6.0,3.0,2.0,406.0,26.0,abitur,weekly,2.0
156,4,6,107,,,2.0,6.0,3.0,2.0,218.0,26.0,abitur,weekly,2.0
156,5,1,0,1.0,0.0,1.0,6.0,2.0,2.0,535.0,26.0,abitur,weekly,2.0
158,1,7,461,,,,,,,,,,,
159,1,8,186,,,5.0,5.0,4.0,5.0,312.0,54.0,phd,daily,5.0
159,2,10,186,2.0,145.0,2.0,3.0,2.0,2.0,262.0,54.0,phd,daily,5.0
159,3,8,118,1.0,0.0,3.0,5.0,2.0,2.0,222.0,54.0,phd,daily,5.0
159,4,8,203,4.0,124.0,7.0,6.0,5.0,7.0,527.0,54.0,phd,daily,5.0
159,5,6,278,8.0,224.0,2.0,6.0,2.0,1.0,410.0,54.0,phd,daily,5.0
160,1,4,72,,,6.0,7.0,5.0,7.0,163.0,40.0,phd,weekly,6.0
160,2,8,78,,,6.0,6.0,5.0,6.0,141.0,40.0,phd,weekly,6.0
160,3,8,138,,,5.0,6.0,4.0,7.0,191.0,40.0,phd,weekly,6.0
160,4,4,52,,,2.0,6.0,3.0,6.0,125.0,40.0,phd,weekly,6.0
160,5,9,237,,,4.0,6.0,3.0,5.0,166.0,40.0,phd,weekly,6.0
161,1,3,112,4.0,96.0,1.0,5.0,2.0,1.0,229.0,34.0,phd,monthly,5.0
161,2,6,84,,,5.0,3.0,3.0,4.0,131.0,34.0,phd,monthly,5.0
161,3,2,8,9.0,59.0,6.0,6.0,5.0,6.0,147.0,34.0,phd,monthly,5.0
161,4,6,80,1.0,0.0,6.0,5.0,3.0,5.0,156.0,34.0,phd,monthly,5.0
161,5,14,207,8.0,160.0,4.0,5.0,3.0,5.0,294.0,34.0,phd,monthly,5.0
162,3,18,985,,,,,,,,,,,
163,1,1,0,,,1.0,7.0,1.0,1.0,325.0,36.0,bachelor,daily,3.0
163,2,10,173,,,1.0,6.0,1.0,1.0,266.0,36.0,bachelor,daily,3.0
163,3,12,209,1.0,0.0,5.0,6.0,3.0,5.0,301.0,36.0,bachelor,daily,3.0
163,4,6,160,8.0,162.0,1.0,6.0,1.0,1.0,291.0,36.0,bachelor,daily,3.0
163,5,4,68,,,2.0,3.0,3.0,2.0,200.0,36.0,bachelor,daily,3.0
164,3,6,89,,,,,,,,,,,
166,1,2,16,,,,,,,,,,,
166,2,10,305,,,,,,,,,,,
166,4,8,139,,,,,,,,,,,
167,1,6,95,,,4.0,2.0,4.0,2.0,227.0,23.0,abitur,daily,5.0
167,2,10,136,,,6.0,2.0,4.0,6.0,197.0,23.0,abitur,daily,5.0
167,3,6,56,,,5.0,2.0,5.0,4.0,111.0,23.0,abitur,daily,5.0
167,4,4,43,,,4.0,2.0,5.0,4.0,106.0,23.0,abitur,daily,5.0
167,5,8,132,,,4.0,2.0,4.0,4.0,201.0,23.0,abitur,daily,5.0
168,1,2,19,7.0,117.0,3.0,2.0,1.0,1.0,216.0,25.0,bachelor,weekly,5.0
168,2,4,54,,,4.0,5.0,4.0,3.0,147.0,25.0,bachelor,weekly,5.0
168,3,4,58,,,5.0,5.0,4.0,3.0,117.0,25.0,bachelor,weekly,5.0
168,4,9,106,1.0,0.0,2.0,3.0,3.0,1.0,147.0,25.0,bachelor,weekly,5.0
168,5,4,77,,,5.0,5.0,4.0,5.0,180.0,25.0,bachelor,weekly,5.0
169,1,4,39,,,5.0,5.0,4.0,5.0,148.0,27.0,master,yearly,6.0
169,2,10,168,,,3.0,3.0,3.0,4.0,295.0,27.0,master,yearly,6.0
169,3,6,1794,,,6.0,5.0,4.0,4.0,1862.0,27.0,master,yearly,6.0
169,4,4,55,,,5.0,5.0,4.0,4.0,161.0,27.0,master,yearly,6.0
169,5,8,151,,,6.0,3.0,4.0,4.0,215.0,27.0,master,yearly,6.0
170,1,4,39,3.0,20.0,5.0,6.0,4.0,6.0,179.0,26.0,bachelor,monthly,5.0
170,2,6,84,,,2.0,5.0,3.0,3.0,345.0,26.0,bachelor,monthly,5.0
170,3,2,12,3.0,60.0,5.0,6.0,4.0,4.0,1291.0,26.0,bachelor,monthly,5.0
170,4,9,273,11.0,91.0,1.0,5.0,1.0,1.0,69.0,26.0,bachelor,monthly,5.0
170,5,3,197,6.0,20.0,5.0,6.0,4.0,3.0,324.0,26.0,bachelor,monthly,5.0
171,1,8,207,12.0,194.0,6.0,5.0,3.0,4.0,399.0,33.0,master,yearly,5.0
171,2,8,215,6.0,112.0,2.0,5.0,3.0,2.0,281.0,33.0,master,yearly,5.0
171,3,1,0,8.0,60.0,5.0,5.0,3.0,4.0,160.0,33.0,master,yearly,5.0
171,4,6,74,1.0,0.0,4.0,5.0,4.0,5.0,126.0,33.0,master,yearly,5.0
171,5,8,127,3.0,40.0,6.0,5.0,4.0,5.0,174.0,33.0,master,yearly,5.0
172,2,7,272,,,,,,,,,,,
173,1,4,37,,,6.0,6.0,5.0,6.0,69.0,32.0,bachelor,weekly,2.0
173,2,10,270,11.0,33.0,6.0,6.0,5.0,6.0,290.0,32.0,bachelor,weekly,2.0
173,3,6,98,,,4.0,5.0,4.0,4.0,139.0,32.0,bachelor,weekly,2.0
173,4,6,312,,,5.0,5.0,4.0,5.0,82.0,32.0,bachelor,weekly,2.0
173,5,2,12,,,6.0,6.0,5.0,6.0,93.0,32.0,bachelor,weekly,2.0
174,1,7,86,,,2.0,6.0,1.0,1.0,255.0,29.0,bachelor,weekly,6.0
174,2,6,119,,,5.0,5.0,4.0,6.0,185.0,29.0,bachelor,weekly,6.0
174,3,6,146,,,4.0,3.0,4.0,5.0,236.0,29.0,bachelor,weekly,6.0
174,4,12,262,,,6.0,5.0,2.0,4.0,372.0,29.0,bachelor,weekly,6.0
174,5,8,178,,,3.0,5.0,3.0,5.0,276.0,29.0,bachelor,weekly,6.0
175,1,3,53,5.0,9.0,1.0,7.0,1.0,1.0,237.0,26.0,bachelor,weekly,4.0
175,2,10,276,1.0,0.0,6.0,7.0,2.0,3.0,330.0,26.0,bachelor,weekly,4.0
175,3,4,58,,,6.0,3.0,5.0,6.0,102.0,26.0,bachelor,weekly,4.0
175,4,6,67,4.0,24.0,6.0,3.0,4.0,6.0,157.0,26.0,bachelor,weekly,4.0
175,5,6,198,10.0,167.0,7.0,7.0,1.0,2.0,333.0,26.0,bachelor,weekly,4.0
176,1,6,99,,,1.0,1.0,1.0,1.0,215.0,58.0,phd,yearly,5.0
176,2,2,14,,,1.0,3.0,1.0,1.0,208.0,58.0,phd,yearly,5.0
176,3,2,9,,,1.0,1.0,1.0,1.0,120.0,58.0,phd,yearly,5.0
176,4,10,245,,,1.0,1.0,1.0,1.0,321.0,58.0,phd,yearly,5.0
176,5,4,60,,,1.0,1.0,1.0,1.0,194.0,58.0,phd,yearly,5.0
177,1,4,88,,,6.0,7.0,5.0,2.0,267.0,50.0,master,monthly,4.0
177,2,7,167,,,1.0,7.0,2.0,2.0,364.0,50.0,master,monthly,4.0
177,3,4,60,,,6.0,7.0,5.0,2.0,160.0,50.0,master,monthly,4.0
177,4,4,48,,,5.0,7.0,4.0,2.0,168.0,50.0,master,monthly,4.0
177,5,6,229,6.0,83.0,5.0,7.0,4.0,3.0,316.0,50.0,master,monthly,4.0
178,1,6,80,,,4.0,5.0,4.0,4.0,206.0,34.0,abitur,daily,4.0
178,2,15,227,,,1.0,3.0,2.0,1.0,390.0,34.0,abitur,daily,4.0
178,3,6,109,,,4.0,5.0,4.0,5.0,192.0,34.0,abitur,daily,4.0
178,4,6,215,,,4.0,5.0,3.0,4.0,307.0,34.0,abitur,daily,4.0
178,5,9,112,,,5.0,3.0,4.0,3.0,264.0,34.0,abitur,daily,4.0
179,1,6,93,,,1.0,5.0,2.0,1.0,189.0,20.0,abitur,daily,3.0
179,2,6,74,,,4.0,5.0,3.0,5.0,136.0,20.0,abitur,daily,3.0
179,3,4,61,,,4.0,5.0,3.0,4.0,113.0,20.0,abitur,daily,3.0
179,4,4,47,,,4.0,5.0,3.0,2.0,102.0,20.0,abitur,daily,3.0
179,5,4,65,,,4.0,3.0,2.0,4.0,136.0,20.0,abitur,daily,3.0
180,1,4,60,3.0,5.0,6.0,1.0,4.0,6.0,127.0,33.0,bachelor,daily,6.0
180,2,6,153,15.0,106.0,1.0,1.0,2.0,1.0,196.0,33.0,bachelor,daily,6.0
180,3,2,8,9.0,67.0,6.0,3.0,4.0,6.0,148.0,33.0,bachelor,daily,6.0
180,4,1,0,,,1.0,1.0,1.0,1.0,74.0,33.0,bachelor,daily,6.0
180,5,2,12,1.0,0.0,6.0,5.0,4.0,5.0,77.0,33.0,bachelor,daily,6.0
181,1,1,0,9.0,74.0,,,,,,25.0,abitur,weekly,2.0
181,2,6,433,9.0,442.0,,,,,,25.0,abitur,weekly,2.0
182,1,1,0,,,1.0,5.0,3.0,1.0,406.0,25.0,bachelor,monthly,2.0
182,2,6,139,1.0,0.0,2.0,5.0,3.0,2.0,350.0,25.0,bachelor,monthly,2.0
182,3,4,70,,,6.0,3.0,5.0,5.0,267.0,25.0,bachelor,monthly,2.0
182,4,6,110,,,5.0,5.0,4.0,4.0,290.0,25.0,bachelor,monthly,2.0
182,5,6,223,9.0,214.0,4.0,5.0,4.0,5.0,533.0,25.0,bachelor,monthly,2.0
183,1,2,15,,,6.0,3.0,4.0,3.0,127.0,24.0,bachelor,monthly,3.0
183,2,12,214,1.0,0.0,6.0,3.0,4.0,3.0,265.0,24.0,bachelor,monthly,3.0
183,3,4,86,1.0,0.0,6.0,3.0,4.0,3.0,163.0,24.0,bachelor,monthly,3.0
183,4,6,82,,,2.0,3.0,3.0,3.0,164.0,24.0,bachelor,monthly,3.0
183,5,4,92,,,5.0,3.0,4.0,2.0,175.0,24.0,bachelor,monthly,3.0
184,1,1,0,,,,,,,,26.0,master,weekly,7.0
184,2,6,102,,,,,,,,26.0,master,weekly,7.0
184,3,4,88,,,,,,,,26.0,master,weekly,7.0
184,4,6,71,,,,,,,,26.0,master,weekly,7.0
184,5,4,24,,,,,,,,26.0,master,weekly,7.0
185,1,2,11,,,6.0,7.0,3.0,4.0,316.0,58.0,middle_school,weekly,3.0
185,2,6,110,,,4.0,7.0,4.0,4.0,263.0,58.0,middle_school,weekly,3.0
185,3,4,147,,,4.0,7.0,4.0,4.0,267.0,58.0,middle_school,weekly,3.0
185,4,2,12,,,7.0,3.0,2.0,4.0,135.0,58.0,middle_school,weekly,3.0
185,5,4,220,,,5.0,3.0,1.0,4.0,372.0,58.0,middle_school,weekly,3.0
186,1,14,265,,,2.0,6.0,1.0,2.0,348.0,25.0,master,monthly,6.0
186,2,3,38,3.0,50.0,2.0,3.0,2.0,3.0,205.0,25.0,master,monthly,6.0
186,3,2,13,1.0,0.0,6.0,5.0,5.0,5.0,92.0,25.0,master,monthly,6.0
186,4,8,124,2.0,4.0,3.0,5.0,3.0,4.0,249.0,25.0,master,monthly,6.0
186,5,4,69,1.0,0.0,4.0,5.0,4.0,3.0,148.0,25.0,master,monthly,6.0
187,1,1,0,22.0,253.0,1.0,1.0,1.0,1.0,550.0,32.0,bachelor,daily,2.0
187,2,6,100,,,4.0,2.0,3.0,5.0,200.0,32.0,bachelor,daily,2.0
187,3,4,77,2.0,67.0,6.0,3.0,4.0,4.0,169.0,32.0,bachelor,daily,2.0
187,4,10,173,,,6.0,3.0,4.0,4.0,264.0,32.0,bachelor,daily,2.0
187,5,6,153,,,6.0,3.0,4.0,4.0,265.0,32.0,bachelor,daily,2.0
189,1,6,185,9.0,196.0,1.0,3.0,1.0,1.0,294.0,31.0,bachelor,daily,5.0
189,2,1,0,17.0,69.0,1.0,5.0,3.0,3.0,242.0,31.0,bachelor,daily,5.0
189,3,6,140,17.0,242.0,4.0,3.0,2.0,3.0,323.0,31.0,bachelor,daily,5.0
189,4,8,99,5.0,91.0,3.0,5.0,2.0,2.0,215.0,31.0,bachelor,daily,5.0
189,5,4,156,8.0,152.0,5.0,6.0,4.0,6.0,285.0,31.0,bachelor,daily,5.0
190,1,10,116,1.0,0.0,2.0,3.0,2.0,2.0,300.0,26.0,master,yearly,1.0
190,2,8,152,1.0,0.0,4.0,3.0,2.0,4.0,208.0,26.0,master,yearly,1.0
190,3,8,185,10.0,67.0,5.0,3.0,3.0,4.0,297.0,26.0,master,yearly,1.0
190,4,4,51,,,5.0,3.0,3.0,4.0,110.0,26.0,master,yearly,1.0
190,5,4,81,,,4.0,5.0,2.0,4.0,167.0,26.0,master,yearly,1.0
191,1,4,31,,,2.0,2.0,2.0,2.0,108.0,35.0,master,monthly,4.0
191,2,12,207,,,2.0,3.0,2.0,1.0,269.0,35.0,master,monthly,4.0
191,3,6,89,,,5.0,5.0,2.0,2.0,170.0,35.0,master,monthly,4.0
191,4,18,336,,,1.0,2.0,1.0,1.0,395.0,35.0,master,monthly,4.0
191,5,12,208,,,2.0,3.0,2.0,1.0,351.0,35.0,master,monthly,4.0
192,1,3,38,,,1.0,1.0,1.0,6.0,220.0,30.0,master,daily,6.0
192,2,6,97,,,1.0,3.0,3.0,5.0,249.0,30.0,master,daily,6.0
192,3,10,193,,,7.0,5.0,5.0,7.0,345.0,30.0,master,daily,6.0
192,4,12,141,,,4.0,6.0,5.0,5.0,195.0,30.0,master,daily,6.0
192,5,5,42,,,1.0,1.0,1.0,1.0,233.0,30.0,master,daily,6.0
193,1,1,0,,,1.0,2.0,2.0,1.0,706.0,21.0,abitur,monthly,3.0
193,2,8,388,,,3.0,6.0,3.0,3.0,585.0,21.0,abitur,monthly,3.0
193,3,8,144,,,6.0,6.0,4.0,5.0,273.0,21.0,abitur,monthly,3.0
193,4,12,222,,,3.0,5.0,2.0,2.0,348.0,21.0,abitur,monthly,3.0
193,5,4,81,,,2.0,3.0,2.0,6.0,174.0,21.0,abitur,monthly,3.0
194,5,6,241,,,,,,,,,,,
197,2,9,824,,,,,,,,,,,
198,1,7,228,7.0,78.0,5.0,5.0,5.0,5.0,155.0,36.0,phd,yearly,4.0
198,2,18,286,4.0,107.0,3.0,5.0,4.0,3.0,350.0,36.0,phd,yearly,4.0
198,3,8,98,,,6.0,6.0,5.0,6.0,575.0,36.0,phd,yearly,4.0
198,4,16,235,1.0,0.0,4.0,6.0,5.0,3.0,293.0,36.0,phd,yearly,4.0
198,5,8,144,,,6.0,6.0,5.0,6.0,91.0,36.0,phd,yearly,4.0
199,1,8,93,,,2.0,2.0,2.0,2.0,172.0,39.0,abitur,weekly,6.0
199,2,25,359,,,1.0,2.0,1.0,1.0,487.0,39.0,abitur,weekly,6.0
199,3,6,78,,,4.0,5.0,4.0,4.0,157.0,39.0,abitur,weekly,6.0
199,4,8,76,,,5.0,5.0,4.0,5.0,130.0,39.0,abitur,weekly,6.0
199,5,6,90,,,5.0,5.0,4.0,5.0,149.0,39.0,abitur,weekly,6.0
201,1,14,139,,,3.0,6.0,4.0,4.0,232.0,32.0,middle_school,monthly,5.0
201,2,13,223,,,1.0,6.0,2.0,1.0,370.0,32.0,middle_school,monthly,5.0
201,3,8,77,,,4.0,5.0,4.0,4.0,131.0,32.0,middle_school,monthly,5.0
201,4,14,253,2.0,141.0,4.0,6.0,4.0,5.0,306.0,32.0,middle_school,monthly,5.0
201,5,8,147,,,4.0,5.0,3.0,4.0,197.0,32.0,middle_school,monthly,5.0
203,1,6,130,,,1.0,3.0,2.0,2.0,236.0,36.0,bachelor,monthly,2.0
203,2,10,141,3.0,16.0,3.0,3.0,3.0,4.0,242.0,36.0,bachelor,monthly,2.0
203,3,6,81,,,5.0,3.0,3.0,4.0,149.0,36.0,bachelor,monthly,2.0
203,4,12,388,29.0,79.0,1.0,3.0,3.0,3.0,493.0,36.0,bachelor,monthly,2.0
203,5,8,131,2.0,3.0,5.0,3.0,3.0,4.0,206.0,36.0,bachelor,monthly,2.0
205,2,8,241,,,,,,,,,,,
205,4,7,466,,,,,,,,,,,
206,1,5,140,,,1.0,3.0,3.0,6.0,343.0,44.0,master,yearly,4.0
206,2,4,98,,,4.0,5.0,4.0,7.0,165.0,44.0,master,yearly,4.0
206,3,4,64,,,5.0,5.0,4.0,6.0,146.0,44.0,master,yearly,4.0
206,4,4,110,3.0,9.0,4.0,3.0,4.0,4.0,223.0,44.0,master,yearly,4.0
206,5,4,97,,,1.0,2.0,3.0,6.0,188.0,44.0,master,yearly,4.0
207,1,5,270,,,,,,,,,,,
207,5,8,382,,,,,,,,,,,
208,1,2,10,,,5.0,5.0,4.0,5.0,54.0,23.0,abitur,weekly,5.0
208,2,1,0,1.0,0.0,1.0,1.0,1.0,1.0,300.0,23.0,abitur,weekly,5.0
208,3,2,7,,,6.0,5.0,5.0,5.0,60.0,23.0,abitur,weekly,5.0
208,4,6,69,,,4.0,5.0,4.0,5.0,95.0,23.0,abitur,weekly,5.0
208,5,2,12,,,6.0,5.0,5.0,6.0,64.0,23.0,abitur,weekly,5.0
209,1,4,50,,,6.0,5.0,5.0,6.0,353.0,28.0,master,weekly,6.0
209,2,1,0,7.0,114.0,2.0,6.0,2.0,2.0,370.0,28.0,master,weekly,6.0
209,3,4,50,,,7.0,6.0,5.0,6.0,117.0,28.0,master,weekly,6.0
209,4,4,56,,,6.0,6.0,5.0,6.0,118.0,28.0,master,weekly,6.0
209,5,4,54,,,6.0,6.0,5.0,6.0,103.0,28.0,master,weekly,6.0
211,1,4,92,8.0,39.0,5.0,5.0,4.0,4.0,186.0,38.0,bachelor,weekly,4.0
211,2,4,28,,,6.0,6.0,4.0,5.0,79.0,38.0,bachelor,weekly,4.0
211,3,4,29,,,6.0,6.0,4.0,2.0,86.0,38.0,bachelor,weekly,4.0
211,4,1,0,,,1.0,7.0,3.0,1.0,102.0,38.0,bachelor,weekly,4.0
211,5,6,74,,,1.0,6.0,2.0,1.0,111.0,38.0,bachelor,weekly,4.0
215,1,1,0,6.0,81.0,4.0,5.0,4.0,5.0,155.0,26.0,bachelor,weekly,5.0
215,2,7,84,3.0,45.0,1.0,3.0,2.0,2.0,221.0,26.0,bachelor,weekly,5.0
215,3,8,151,14.0,132.0,1.0,5.0,1.0,1.0,179.0,26.0,bachelor,weekly,5.0
215,4,12,168,10.0,99.0,1.0,2.0,1.0,3.0,211.0,26.0,bachelor,weekly,5.0
215,5,10,185,13.0,195.0,1.0,6.0,1.0,1.0,252.0,26.0,bachelor,weekly,5.0
216,1,1,0,12.0,213.0,1.0,6.0,1.0,1.0,416.0,28.0,master,monthly,5.0
216,2,4,90,7.0,146.0,5.0,5.0,3.0,5.0,286.0,28.0,master,monthly,5.0
216,3,6,200,17.0,416.0,6.0,5.0,2.0,4.0,577.0,28.0,master,monthly,5.0
216,4,8,242,17.0,141.0,5.0,5.0,3.0,4.0,354.0,28.0,master,monthly,5.0
217,1,1,0,5.0,59.0,1.0,3.0,1.0,1.0,298.0,29.0,D32,daily,2.0
217,2,12,207,,,7.0,7.0,2.0,1.0,404.0,29.0,D32,daily,2.0
217,3,4,87,,,4.0,6.0,4.0,6.0,227.0,29.0,D32,daily,2.0
217,4,12,269,4.0,113.0,7.0,6.0,3.0,2.0,342.0,29.0,D32,daily,2.0
217,5,8,211,7.0,37.0,1.0,7.0,1.0,1.0,298.0,29.0,D32,daily,2.0
219,1,8,76,,,1.0,3.0,2.0,3.0,144.0,22.0,abitur,monthly,3.0
219,2,18,151,2.0,7.0,1.0,3.0,2.0,3.0,227.0,22.0,abitur,monthly,3.0
219,3,6,45,,,2.0,3.0,3.0,3.0,97.0,22.0,abitur,monthly,3.0
219,4,6,51,,,2.0,3.0,3.0,4.0,111.0,22.0,abitur,monthly,3.0
219,5,4,36,,,3.0,3.0,3.0,3.0,91.0,22.0,abitur,monthly,3.0
221,1,1,0,11.0,89.0,1.0,6.0,1.0,1.0,261.0,27.0,abitur,weekly,6.0
221,2,6,83,,,5.0,6.0,5.0,5.0,180.0,27.0,abitur,weekly,6.0
221,3,4,45,,,5.0,6.0,5.0,6.0,110.0,27.0,abitur,weekly,6.0
221,4,6,73,,,1.0,6.0,4.0,4.0,163.0,27.0,abitur,weekly,6.0
221,5,6,138,7.0,33.0,1.0,6.0,3.0,1.0,256.0,27.0,abitur,weekly,6.0
222,1,6,171,6.0,9.0,1.0,3.0,3.0,3.0,283.0,24.0,abitur,weekly,3.0
222,2,6,99,,,5.0,3.0,4.0,5.0,179.0,24.0,abitur,weekly,3.0
222,3,4,132,17.0,126.0,4.0,3.0,4.0,5.0,222.0,24.0,abitur,weekly,3.0
222,4,14,253,18.0,344.0,1.0,3.0,3.0,4.0,482.0,24.0,abitur,weekly,3.0
222,5,8,173,,,5.0,5.0,4.0,5.0,265.0,24.0,abitur,weekly,3.0
223,1,4,44,,,2.0,2.0,2.0,3.0,101.0,26.0,middle_school,weekly,2.0
223,2,12,141,,,1.0,2.0,2.0,1.0,188.0,26.0,middle_school,weekly,2.0
223,3,4,44,,,4.0,2.0,3.0,4.0,89.0,26.0,middle_school,weekly,2.0
223,4,6,49,,,4.0,2.0,3.0,4.0,101.0,26.0,middle_school,weekly,2.0
223,5,10,145,,,4.0,2.0,2.0,4.0,185.0,26.0,middle_school,weekly,2.0
224,1,6,147,4.0,20.0,4.0,3.0,2.0,5.0,257.0,35.0,master,weekly,7.0
224,2,20,318,,,1.0,5.0,3.0,5.0,374.0,35.0,master,weekly,7.0
224,3,4,44,,,6.0,5.0,4.0,6.0,107.0,35.0,master,weekly,7.0
224,4,12,248,8.0,98.0,5.0,3.0,3.0,5.0,300.0,35.0,master,weekly,7.0
224,5,6,82,,,6.0,5.0,4.0,6.0,137.0,35.0,master,weekly,7.0
225,1,6,57,,,4.0,3.0,3.0,4.0,120.0,30.0,master,weekly,5.0
225,2,6,67,,,1.0,3.0,1.0,1.0,113.0,30.0,master,weekly,5.0
225,3,6,101,,,5.0,5.0,4.0,5.0,155.0,30.0,master,weekly,5.0
225,4,14,118,,,4.0,3.0,3.0,6.0,161.0,30.0,master,weekly,5.0
225,5,6,41,,,5.0,5.0,4.0,6.0,78.0,30.0,master,weekly,5.0
226,1,1,0,2.0,4.0,1.0,3.0,1.0,2.0,128.0,25.0,bachelor,monthly,1.0
226,2,8,200,3.0,137.0,4.0,6.0,3.0,4.0,272.0,25.0,bachelor,monthly,1.0
226,3,6,87,,,3.0,3.0,3.0,6.0,144.0,25.0,bachelor,monthly,1.0
226,4,12,367,15.0,275.0,2.0,6.0,1.0,4.0,49.0,25.0,bachelor,monthly,1.0
226,5,5,464,11.0,614.0,1.0,5.0,1.0,2.0,758.0,25.0,bachelor,monthly,1.0
228,1,1,0,16.0,244.0,1.0,5.0,3.0,1.0,517.0,23.0,abitur,monthly,4.0
228,2,12,198,4.0,69.0,3.0,5.0,3.0,5.0,260.0,23.0,abitur,monthly,4.0
228,3,4,50,1.0,0.0,5.0,5.0,4.0,6.0,136.0,23.0,abitur,monthly,4.0
228,4,6,53,3.0,18.0,5.0,5.0,4.0,5.0,162.0,23.0,abitur,monthly,4.0
228,5,8,170,4.0,157.0,4.0,5.0,4.0,5.0,257.0,23.0,abitur,monthly,4.0
229,1,3,109,,,1.0,5.0,1.0,1.0,166.0,29.0,abitur,monthly,3.0
229,2,2,15,,,2.0,3.0,2.0,2.0,133.0,29.0,abitur,monthly,3.0
229,3,8,126,,,4.0,2.0,4.0,6.0,230.0,29.0,abitur,monthly,3.0
229,4,6,81,,,4.0,3.0,3.0,4.0,148.0,29.0,abitur,monthly,3.0
229,5,4,423,,,2.0,3.0,3.0,4.0,480.0,29.0,abitur,monthly,3.0
230,1,6,113,6.0,9.0,2.0,3.0,2.0,4.0,250.0,28.0,bachelor,yearly,6.0
230,2,6,79,,,3.0,7.0,3.0,5.0,404.0,28.0,bachelor,yearly,6.0
230,3,8,132,,,6.0,6.0,3.0,5.0,214.0,28.0,bachelor,yearly,6.0
230,4,6,54,,,3.0,3.0,3.0,4.0,136.0,28.0,bachelor,yearly,6.0
230,5,4,81,,,5.0,3.0,4.0,5.0,174.0,28.0,bachelor,yearly,6.0
231,2,6,86,,,,,,,,,,,
232,1,18,287,5.0,87.0,1.0,5.0,1.0,2.0,598.0,26.0,abitur,weekly,5.0
232,2,6,56,1.0,0.0,6.0,3.0,3.0,5.0,95.0,26.0,abitur,weekly,5.0
232,3,4,76,6.0,108.0,4.0,2.0,3.0,5.0,186.0,26.0,abitur,weekly,5.0
232,4,20,324,19.0,298.0,1.0,7.0,1.0,1.0,441.0,26.0,abitur,weekly,5.0
232,5,10,142,4.0,121.0,5.0,3.0,3.0,5.0,178.0,26.0,abitur,weekly,5.0
233,1,6,186,2.0,2.0,7.0,5.0,5.0,6.0,345.0,26.0,abitur,yearly,5.0
233,2,18,363,3.0,22.0,5.0,5.0,4.0,7.0,500.0,26.0,abitur,yearly,5.0
233,3,4,54,,,7.0,3.0,5.0,7.0,127.0,26.0,abitur,yearly,5.0
233,4,4,57,4.0,35.0,5.0,3.0,5.0,6.0,196.0,26.0,abitur,yearly,5.0
233,5,10,231,5.0,127.0,4.0,3.0,5.0,6.0,332.0,26.0,abitur,yearly,5.0
234,1,8,129,,,3.0,3.0,2.0,3.0,206.0,20.0,abitur,weekly,5.0
234,2,3,41,,,2.0,2.0,2.0,3.0,175.0,20.0,abitur,weekly,5.0
234,3,2,9,1.0,0.0,6.0,6.0,3.0,4.0,108.0,20.0,abitur,weekly,5.0
234,4,4,38,,,3.0,3.0,2.0,5.0,115.0,20.0,abitur,weekly,5.0
234,5,6,166,3.0,92.0,6.0,3.0,3.0,5.0,219.0,20.0,abitur,weekly,5.0
235,1,19,1616,9.0,88.0,2.0,3.0,3.0,2.0,1714.0,30.0,master,monthly,5.0
235,2,9,114,1.0,0.0,1.0,3.0,1.0,1.0,444.0,30.0,master,monthly,5.0
235,3,8,152,,,1.0,3.0,2.0,1.0,226.0,30.0,master,monthly,5.0
235,4,10,146,7.0,102.0,2.0,3.0,2.0,2.0,228.0,30.0,master,monthly,5.0
235,5,10,170,3.0,8.0,2.0,3.0,2.0,2.0,248.0,30.0,master,monthly,5.0
236,2,2,11,,,,,,,,,,,
237,1,2,12,,,6.0,2.0,4.0,5.0,122.0,27.0,abitur,weekly,2.0
237,2,6,124,12.0,41.0,3.0,2.0,3.0,2.0,210.0,27.0,abitur,weekly,2.0
237,3,1,0,,,6.0,2.0,3.0,1.0,266.0,27.0,abitur,weekly,2.0
237,4,4,62,,,5.0,2.0,4.0,5.0,161.0,27.0,abitur,weekly,2.0
237,5,4,55,,,4.0,2.0,3.0,3.0,161.0,27.0,abitur,weekly,2.0
238,1,6,116,,,1.0,3.0,1.0,1.0,345.0,29.0,master,monthly,3.0
238,2,13,407,,,1.0,3.0,1.0,1.0,211.0,29.0,master,monthly,3.0
238,3,6,135,,,3.0,5.0,2.0,1.0,217.0,29.0,master,monthly,3.0
238,4,4,118,,,2.0,5.0,2.0,2.0,175.0,29.0,master,monthly,3.0
238,5,6,182,,,1.0,5.0,1.0,1.0,252.0,29.0,master,monthly,3.0
145,2,0,0,0.0,0.0,1.0,3.0,1.0,1.0,253.0,24.0,abitur,weekly,4.0
145,3,0,0,0.0,0.0,1.0,1.0,1.0,1.0,25.0,24.0,abitur,weekly,4.0
145,4,0,0,0.0,0.0,1.0,1.0,1.0,1.0,24.0,24.0,abitur,weekly,4.0
145,5,0,0,0.0,0.0,1.0,1.0,1.0,1.0,194.0,24.0,abitur,weekly,4.0
146,1,0,0,0.0,0.0,1.0,3.0,1.0,1.0,16.0,26.0,bachelor,daily,3.0
146,2,0,0,0.0,0.0,1.0,3.0,1.0,1.0,172.0,26.0,bachelor,daily,3.0
146,3,0,0,0.0,0.0,1.0,3.0,1.0,1.0,211.0,26.0,bachelor,daily,3.0
146,4,0,0,0.0,0.0,1.0,3.0,1.0,1.0,33.0,26.0,bachelor,daily,3.0
146,5,0,0,0.0,0.0,1.0,3.0,1.0,1.0,42.0,26.0,bachelor,daily,3.0
148,1,0,0,0.0,0.0,1.0,3.0,1.0,1.0,204.0,24.0,bachelor,daily,5.0
148,2,0,0,0.0,0.0,1.0,3.0,1.0,1.0,189.0,24.0,bachelor,daily,5.0
148,3,0,0,0.0,0.0,1.0,3.0,1.0,1.0,116.0,24.0,bachelor,daily,5.0
148,4,0,0,0.0,0.0,1.0,3.0,1.0,1.0,199.0,24.0,bachelor,daily,5.0
148,5,0,0,0.0,0.0,1.0,5.0,1.0,1.0,310.0,24.0,bachelor,daily,5.0
216,5,0,0,0.0,0.0,1.0,6.0,1.0,1.0,322.0,28.0,master,monthly,5.0
124,1,2,16,,,,,,,,30.0,bachelor,weekly,5.0
124,2,1,0,,,,,,,,30.0,bachelor,weekly,5.0
124,3,4,81,,,,,,,,30.0,bachelor,weekly,5.0
124,4,4,77,,,,,,,,30.0,bachelor,weekly,5.0
124,5,2,31,,,,,,,,30.0,bachelor,weekly,5.0
125,1,4,98,,,,,,,,49.0,bachelor,daily,7.0
125,2,4,75,,,,,,,,49.0,bachelor,daily,7.0
125,3,4,67,,,,,,,,49.0,bachelor,daily,7.0
125,4,6,118,,,,,,,,49.0,bachelor,daily,7.0
125,5,4,71,,,,,,,,49.0,bachelor,daily,7.0
126,1,2,35,,,,,,,,23.0,abitur,monthly,2.0
126,2,6,104,,,,,,,,23.0,abitur,monthly,2.0
126,3,5,166,,,,,,,,23.0,abitur,monthly,2.0
126,4,4,73,,,,,,,,23.0,abitur,monthly,2.0
126,5,4,64,,,,,,,,23.0,abitur,monthly,2.0
127,1,1,0,,,,,,,,,,,
127,5,3,264,,,,,,,,,,,
128,1,4,44,,,,,,,,29.0,abitur,monthly,3.0
128,2,8,195,,,,,,,,29.0,abitur,monthly,3.0
128,3,4,148,,,,,,,,29.0,abitur,monthly,3.0
128,4,6,111,,,,,,,,29.0,abitur,monthly,3.0
128,5,7,440,,,,,,,,29.0,abitur,monthly,3.0
129,1,2,19,,,,,,,,28.0,bachelor,weekly,5.0
129,2,6,146,,,,,,,,28.0,bachelor,weekly,5.0
129,3,4,61,,,,,,,,28.0,bachelor,weekly,5.0
129,4,8,158,,,,,,,,28.0,bachelor,weekly,5.0
129,5,6,122,,,,,,,,28.0,bachelor,weekly,5.0
131,1,3,56,,,,,,,,33.0,master,daily,5.0
131,2,6,147,,,,,,,,33.0,master,daily,5.0
131,3,4,87,,,,,,,,33.0,master,daily,5.0
131,4,8,160,,,,,,,,33.0,master,daily,5.0
131,5,10,192,,,,,,,,33.0,master,daily,5.0
133,1,8,212,,,,,,,,46.0,bachelor,monthly,3.0
133,2,6,95,,,,,,,,46.0,bachelor,monthly,3.0
133,3,6,197,,,,,,,,46.0,bachelor,monthly,3.0
133,4,11,433,,,,,,,,46.0,bachelor,monthly,3.0
133,5,4,97,,,,,,,,46.0,bachelor,monthly,3.0
134,1,1,0,,,,,,,,24.0,middle_school,yearly,1.0
134,2,4,107,,,,,,,,24.0,middle_school,yearly,1.0
134,3,4,113,,,,,,,,24.0,middle_school,yearly,1.0
134,4,5,92,,,,,,,,24.0,middle_school,yearly,1.0
134,5,4,162,,,,,,,,24.0,middle_school,yearly,1.0
135,1,4,64,,,,,,,,28.0,bachelor,monthly,4.0
135,2,6,101,,,,,,,,28.0,bachelor,monthly,4.0
135,3,8,130,,,,,,,,28.0,bachelor,monthly,4.0
135,4,6,95,,,,,,,,28.0,bachelor,monthly,4.0
135,5,10,177,,,,,,,,28.0,bachelor,monthly,4.0
136,1,2,13,,,,,,,,60.0,master,monthly,1.0
136,2,6,226,,,,,,,,60.0,master,monthly,1.0
136,3,4,99,,,,,,,,60.0,master,monthly,1.0
136,4,4,269,,,,,,,,60.0,master,monthly,1.0
136,5,4,92,,,,,,,,60.0,master,monthly,1.0
138,1,2,17,,,,,,,,23.0,abitur,weekly,4.0
138,2,8,195,,,,,,,,23.0,abitur,weekly,4.0
138,3,4,44,,,,,,,,23.0,abitur,weekly,4.0
138,4,4,52,,,,,,,,23.0,abitur,weekly,4.0
138,5,6,90,,,,,,,,23.0,abitur,weekly,4.0
140,1,1,0,,,,,,,,42.0,phd,weekly,5.0
140,2,8,125,,,,,,,,42.0,phd,weekly,5.0
140,3,8,111,,,,,,,,42.0,phd,weekly,5.0
140,4,8,166,,,,,,,,42.0,phd,weekly,5.0
140,5,6,111,,,,,,,,42.0,phd,weekly,5.0
141,1,5,93,,,,,,,,27.0,middle_school,monthly,3.0
141,2,4,73,,,,,,,,27.0,middle_school,monthly,3.0
141,3,8,157,,,,,,,,27.0,middle_school,monthly,3.0
141,4,8,369,,,,,,,,27.0,middle_school,monthly,3.0
141,5,8,261,,,,,,,,27.0,middle_school,monthly,3.0
142,1,4,78,,,,,,,,35.0,master,daily,6.0
142,2,5,73,,,,,,,,35.0,master,daily,6.0
142,3,6,88,,,,,,,,35.0,master,daily,6.0
142,4,4,61,,,,,,,,35.0,master,daily,6.0
142,5,4,68,,,,,,,,35.0,master,daily,6.0
143,1,1,0,,,,,,,,52.0,bachelor,weekly,5.0
143,2,4,50,,,,,,,,52.0,bachelor,weekly,5.0
143,3,6,126,,,,,,,,52.0,bachelor,weekly,5.0
143,4,10,255,,,,,,,,52.0,bachelor,weekly,5.0
143,5,4,112,,,,,,,,52.0,bachelor,weekly,5.0
144,1,8,223,,,,,,,,32.0,bachelor,weekly,1.0
144,2,10,128,,,,,,,,32.0,bachelor,weekly,1.0
144,3,4,52,,,,,,,,32.0,bachelor,weekly,1.0
144,4,6,99,,,,,,,,32.0,bachelor,weekly,1.0
144,5,6,75,,,,,,,,32.0,bachelor,weekly,1.0
145,1,1,0,,,,,,,,24.0,abitur,weekly,4.0
149,1,2,12,,,,,,,,21.0,abitur,weekly,5.0
149,2,4,35,,,,,,,,21.0,abitur,weekly,5.0
149,3,4,45,,,,,,,,21.0,abitur,weekly,5.0
149,4,6,62,,,,,,,,21.0,abitur,weekly,5.0
149,5,10,217,,,,,,,,21.0,abitur,weekly,5.0
150,1,10,236,,,,,,,,29.0,bachelor,weekly,6.0
150,2,12,297,,,,,,,,29.0,bachelor,weekly,6.0
150,3,8,141,,,,,,,,29.0,bachelor,weekly,6.0
150,4,4,47,,,,,,,,29.0,bachelor,weekly,6.0
150,5,4,78,,,,,,,,29.0,bachelor,weekly,6.0
151,1,4,39,,,,,,,,27.0,master,monthly,5.0
151,2,6,101,,,,,,,,27.0,master,monthly,5.0
151,3,1,0,,,,,,,,27.0,master,monthly,5.0
151,4,10,265,,,,,,,,27.0,master,monthly,5.0
151,5,1,0,,,,,,,,27.0,master,monthly,5.0
152,1,6,79,,,,,,,,24.0,bachelor,daily,4.0
152,2,6,96,,,,,,,,24.0,bachelor,daily,4.0
152,3,4,50,,,,,,,,24.0,bachelor,daily,4.0
152,4,4,97,,,,,,,,24.0,bachelor,daily,4.0
152,5,4,60,,,,,,,,24.0,bachelor,daily,4.0
153,1,3,70,,,,,,,,22.0,bachelor,weekly,2.0
153,2,5,75,,,,,,,,22.0,bachelor,weekly,2.0
153,3,6,93,,,,,,,,22.0,bachelor,weekly,2.0
153,4,6,84,,,,,,,,22.0,bachelor,weekly,2.0
153,5,4,80,,,,,,,,22.0,bachelor,weekly,2.0
154,1,4,69,,,,,,,,24.0,bachelor,monthly,5.0
154,2,20,228,,,,,,,,24.0,bachelor,monthly,5.0
154,3,10,109,,,,,,,,24.0,bachelor,monthly,5.0
154,4,18,194,,,,,,,,24.0,bachelor,monthly,5.0
154,5,4,49,,,,,,,,24.0,bachelor,monthly,5.0
155,1,1,0,,,,,,,,34.0,master,monthly,7.0
155,2,8,114,,,,,,,,34.0,master,monthly,7.0
155,3,6,91,,,,,,,,34.0,master,monthly,7.0
155,4,6,58,,,,,,,,34.0,master,monthly,7.0
155,5,4,67,,,,,,,,34.0,master,monthly,7.0
156,1,2,15,,,,,,,,26.0,abitur,weekly,2.0
156,2,8,201,,,,,,,,26.0,abitur,weekly,2.0
156,3,8,192,,,,,,,,26.0,abitur,weekly,2.0
156,4,6,107,,,,,,,,26.0,abitur,weekly,2.0
156,5,1,0,,,,,,,,26.0,abitur,weekly,2.0
158,1,7,461,,,,,,,,,,,
159,1,8,186,,,,,,,,54.0,phd,daily,5.0
159,2,10,186,,,,,,,,54.0,phd,daily,5.0
159,3,8,118,,,,,,,,54.0,phd,daily,5.0
159,4,8,203,,,,,,,,54.0,phd,daily,5.0
159,5,6,278,,,,,,,,54.0,phd,daily,5.0
160,1,4,72,,,,,,,,40.0,phd,weekly,6.0
160,2,8,78,,,,,,,,40.0,phd,weekly,6.0
160,3,8,138,,,,,,,,40.0,phd,weekly,6.0
160,4,4,52,,,,,,,,40.0,phd,weekly,6.0
160,5,9,237,,,,,,,,40.0,phd,weekly,6.0
161,1,3,112,,,,,,,,34.0,phd,monthly,5.0
161,2,6,84,,,,,,,,34.0,phd,monthly,5.0
161,3,2,8,,,,,,,,34.0,phd,monthly,5.0
161,4,6,80,,,,,,,,34.0,phd,monthly,5.0
161,5,14,207,,,,,,,,34.0,phd,monthly,5.0
162,3,18,985,,,,,,,,,,,
163,1,1,0,,,,,,,,36.0,bachelor,daily,3.0
163,2,10,173,,,,,,,,36.0,bachelor,daily,3.0
163,3,12,209,,,,,,,,36.0,bachelor,daily,3.0
163,4,6,160,,,,,,,,36.0,bachelor,daily,3.0
163,5,4,68,,,,,,,,36.0,bachelor,daily,3.0
164,3,6,89,,,,,,,,,,,
166,1,2,16,,,,,,,,,,,
166,2,10,305,,,,,,,,,,,
166,4,8,139,,,,,,,,,,,
167,1,6,95,,,,,,,,23.0,abitur,daily,5.0
167,2,10,136,,,,,,,,23.0,abitur,daily,5.0
167,3,6,56,,,,,,,,23.0,abitur,daily,5.0
167,4,4,43,,,,,,,,23.0,abitur,daily,5.0
167,5,8,132,,,,,,,,23.0,abitur,daily,5.0
168,1,2,19,,,,,,,,25.0,bachelor,weekly,5.0
168,2,4,54,,,,,,,,25.0,bachelor,weekly,5.0
168,3,4,58,,,,,,,,25.0,bachelor,weekly,5.0
168,4,9,106,,,,,,,,25.0,bachelor,weekly,5.0
168,5,4,77,,,,,,,,25.0,bachelor,weekly,5.0
169,1,4,39,,,,,,,,27.0,master,yearly,6.0
169,2,10,168,,,,,,,,27.0,master,yearly,6.0
169,3,6,1794,,,,,,,,27.0,master,yearly,6.0
169,4,4,55,,,,,,,,27.0,master,yearly,6.0
169,5,8,151,,,,,,,,27.0,master,yearly,6.0
170,1,4,39,,,,,,,,26.0,bachelor,monthly,5.0
170,2,6,84,,,,,,,,26.0,bachelor,monthly,5.0
170,3,2,12,,,,,,,,26.0,bachelor,monthly,5.0
170,4,9,273,,,,,,,,26.0,bachelor,monthly,5.0
170,5,3,197,,,,,,,,26.0,bachelor,monthly,5.0
171,1,8,207,,,,,,,,33.0,master,yearly,5.0
171,2,8,215,,,,,,,,33.0,master,yearly,5.0
171,3,1,0,,,,,,,,33.0,master,yearly,5.0
171,4,6,74,,,,,,,,33.0,master,yearly,5.0
171,5,8,127,,,,,,,,33.0,master,yearly,5.0
172,2,7,272,,,,,,,,,,,
173,1,4,37,,,,,,,,32.0,bachelor,weekly,2.0
173,2,10,270,,,,,,,,32.0,bachelor,weekly,2.0
173,3,6,98,,,,,,,,32.0,bachelor,weekly,2.0
173,4,6,312,,,,,,,,32.0,bachelor,weekly,2.0
173,5,2,12,,,,,,,,32.0,bachelor,weekly,2.0
174,1,7,86,,,,,,,,29.0,bachelor,weekly,6.0
174,2,6,119,,,,,,,,29.0,bachelor,weekly,6.0
174,3,6,146,,,,,,,,29.0,bachelor,weekly,6.0
174,4,12,262,,,,,,,,29.0,bachelor,weekly,6.0
174,5,8,178,,,,,,,,29.0,bachelor,weekly,6.0
175,1,3,53,,,,,,,,26.0,bachelor,weekly,4.0
175,2,10,276,,,,,,,,26.0,bachelor,weekly,4.0
175,3,4,58,,,,,,,,26.0,bachelor,weekly,4.0
175,4,6,67,,,,,,,,26.0,bachelor,weekly,4.0
175,5,6,198,,,,,,,,26.0,bachelor,weekly,4.0
176,1,6,99,,,,,,,,58.0,phd,yearly,5.0
176,2,2,14,,,,,,,,58.0,phd,yearly,5.0
176,3,2,9,,,,,,,,58.0,phd,yearly,5.0
176,4,10,245,,,,,,,,58.0,phd,yearly,5.0
176,5,4,60,,,,,,,,58.0,phd,yearly,5.0
177,1,4,88,,,,,,,,50.0,master,monthly,4.0
177,2,7,167,,,,,,,,50.0,master,monthly,4.0
177,3,4,60,,,,,,,,50.0,master,monthly,4.0
177,4,4,48,,,,,,,,50.0,master,monthly,4.0
177,5,6,229,,,,,,,,50.0,master,monthly,4.0
178,1,6,80,,,,,,,,34.0,abitur,daily,4.0
178,2,15,227,,,,,,,,34.0,abitur,daily,4.0
178,3,6,109,,,,,,,,34.0,abitur,daily,4.0
178,4,6,215,,,,,,,,34.0,abitur,daily,4.0
178,5,9,112,,,,,,,,34.0,abitur,daily,4.0
179,1,6,93,,,,,,,,20.0,abitur,daily,3.0
179,2,6,74,,,,,,,,20.0,abitur,daily,3.0
179,3,4,61,,,,,,,,20.0,abitur,daily,3.0
179,4,4,47,,,,,,,,20.0,abitur,daily,3.0
179,5,4,65,,,,,,,,20.0,abitur,daily,3.0
180,1,4,60,,,,,,,,33.0,bachelor,daily,6.0
180,2,6,153,,,,,,,,33.0,bachelor,daily,6.0
180,3,2,8,,,,,,,,33.0,bachelor,daily,6.0
180,4,1,0,,,,,,,,33.0,bachelor,daily,6.0
180,5,2,12,,,,,,,,33.0,bachelor,daily,6.0
181,1,1,0,,,,,,,,25.0,abitur,weekly,2.0
181,2,6,433,,,,,,,,25.0,abitur,weekly,2.0
182,1,1,0,,,,,,,,25.0,bachelor,monthly,2.0
182,2,6,139,,,,,,,,25.0,bachelor,monthly,2.0
182,3,4,70,,,,,,,,25.0,bachelor,monthly,2.0
182,4,6,110,,,,,,,,25.0,bachelor,monthly,2.0
182,5,6,223,,,,,,,,25.0,bachelor,monthly,2.0
183,1,2,15,,,,,,,,24.0,bachelor,monthly,3.0
183,2,12,214,,,,,,,,24.0,bachelor,monthly,3.0
183,3,4,86,,,,,,,,24.0,bachelor,monthly,3.0
183,4,6,82,,,,,,,,24.0,bachelor,monthly,3.0
183,5,4,92,,,,,,,,24.0,bachelor,monthly,3.0
184,1,1,0,,,,,,,,26.0,master,weekly,7.0
184,2,6,102,,,,,,,,26.0,master,weekly,7.0
184,3,4,88,,,,,,,,26.0,master,weekly,7.0
184,4,6,71,,,,,,,,26.0,master,weekly,7.0
184,5,4,24,,,,,,,,26.0,master,weekly,7.0
185,1,2,11,,,,,,,,58.0,middle_school,weekly,3.0
185,2,6,110,,,,,,,,58.0,middle_school,weekly,3.0
185,3,4,147,,,,,,,,58.0,middle_school,weekly,3.0
185,4,2,12,,,,,,,,58.0,middle_school,weekly,3.0
185,5,4,220,,,,,,,,58.0,middle_school,weekly,3.0
186,1,14,265,,,,,,,,25.0,master,monthly,6.0
186,2,3,38,,,,,,,,25.0,master,monthly,6.0
186,3,2,13,,,,,,,,25.0,master,monthly,6.0
186,4,8,124,,,,,,,,25.0,master,monthly,6.0
186,5,4,69,,,,,,,,25.0,master,monthly,6.0
187,1,1,0,,,,,,,,32.0,bachelor,daily,2.0
187,2,6,100,,,,,,,,32.0,bachelor,daily,2.0
187,3,4,77,,,,,,,,32.0,bachelor,daily,2.0
187,4,10,173,,,,,,,,32.0,bachelor,daily,2.0
187,5,6,153,,,,,,,,32.0,bachelor,daily,2.0
189,1,6,185,,,,,,,,31.0,bachelor,daily,5.0
189,2,1,0,,,,,,,,31.0,bachelor,daily,5.0
189,3,6,140,,,,,,,,31.0,bachelor,daily,5.0
189,4,8,99,,,,,,,,31.0,bachelor,daily,5.0
189,5,4,156,,,,,,,,31.0,bachelor,daily,5.0
190,1,10,116,,,,,,,,26.0,master,yearly,1.0
190,2,8,152,,,,,,,,26.0,master,yearly,1.0
190,3,8,185,,,,,,,,26.0,master,yearly,1.0
190,4,4,51,,,,,,,,26.0,master,yearly,1.0
190,5,4,81,,,,,,,,26.0,master,yearly,1.0
191,1,4,31,,,,,,,,35.0,master,monthly,4.0
191,2,12,207,,,,,,,,35.0,master,monthly,4.0
191,3,6,89,,,,,,,,35.0,master,monthly,4.0
191,4,18,336,,,,,,,,35.0,master,monthly,4.0
191,5,12,208,,,,,,,,35.0,master,monthly,4.0
192,1,3,38,,,,,,,,30.0,master,daily,6.0
192,2,6,97,,,,,,,,30.0,master,daily,6.0
192,3,10,193,,,,,,,,30.0,master,daily,6.0
192,4,12,141,,,,,,,,30.0,master,daily,6.0
192,5,5,42,,,,,,,,30.0,master,daily,6.0
193,1,1,0,,,,,,,,21.0,abitur,monthly,3.0
193,2,8,388,,,,,,,,21.0,abitur,monthly,3.0
193,3,8,144,,,,,,,,21.0,abitur,monthly,3.0
193,4,12,222,,,,,,,,21.0,abitur,monthly,3.0
193,5,4,81,,,,,,,,21.0,abitur,monthly,3.0
194,5,6,241,,,,,,,,,,,
197,2,9,824,,,,,,,,,,,
198,1,7,228,,,,,,,,36.0,phd,yearly,4.0
198,2,18,286,,,,,,,,36.0,phd,yearly,4.0
198,3,8,98,,,,,,,,36.0,phd,yearly,4.0
198,4,16,235,,,,,,,,36.0,phd,yearly,4.0
198,5,8,144,,,,,,,,36.0,phd,yearly,4.0
199,1,8,93,,,,,,,,39.0,abitur,weekly,6.0
199,2,25,359,,,,,,,,39.0,abitur,weekly,6.0
199,3,6,78,,,,,,,,39.0,abitur,weekly,6.0
199,4,8,76,,,,,,,,39.0,abitur,weekly,6.0
199,5,6,90,,,,,,,,39.0,abitur,weekly,6.0
201,1,14,139,,,,,,,,32.0,middle_school,monthly,5.0
201,2,13,223,,,,,,,,32.0,middle_school,monthly,5.0
201,3,8,77,,,,,,,,32.0,middle_school,monthly,5.0
201,4,14,253,,,,,,,,32.0,middle_school,monthly,5.0
201,5,8,147,,,,,,,,32.0,middle_school,monthly,5.0
203,1,6,130,,,,,,,,36.0,bachelor,monthly,2.0
203,2,10,141,,,,,,,,36.0,bachelor,monthly,2.0
203,3,6,81,,,,,,,,36.0,bachelor,monthly,2.0
203,4,12,388,,,,,,,,36.0,bachelor,monthly,2.0
203,5,8,131,,,,,,,,36.0,bachelor,monthly,2.0
205,2,8,241,,,,,,,,,,,
205,4,7,466,,,,,,,,,,,
206,1,5,140,,,,,,,,44.0,master,yearly,4.0
206,2,4,98,,,,,,,,44.0,master,yearly,4.0
206,3,4,64,,,,,,,,44.0,master,yearly,4.0
206,4,4,110,,,,,,,,44.0,master,yearly,4.0
206,5,4,97,,,,,,,,44.0,master,yearly,4.0
207,1,5,270,,,,,,,,,,,
207,5,8,382,,,,,,,,,,,
208,1,2,10,,,,,,,,23.0,abitur,weekly,5.0
208,2,1,0,,,,,,,,23.0,abitur,weekly,5.0
208,3,2,7,,,,,,,,23.0,abitur,weekly,5.0
208,4,6,69,,,,,,,,23.0,abitur,weekly,5.0
208,5,2,12,,,,,,,,23.0,abitur,weekly,5.0
209,1,4,50,,,,,,,,28.0,master,weekly,6.0
209,2,1,0,,,,,,,,28.0,master,weekly,6.0
209,3,4,50,,,,,,,,28.0,master,weekly,6.0
209,4,4,56,,,,,,,,28.0,master,weekly,6.0
209,5,4,54,,,,,,,,28.0,master,weekly,6.0
211,1,4,92,,,,,,,,38.0,bachelor,weekly,4.0
211,2,4,28,,,,,,,,38.0,bachelor,weekly,4.0
211,3,4,29,,,,,,,,38.0,bachelor,weekly,4.0
211,4,1,0,,,,,,,,38.0,bachelor,weekly,4.0
211,5,6,74,,,,,,,,38.0,bachelor,weekly,4.0
215,1,1,0,,,,,,,,26.0,bachelor,weekly,5.0
215,2,7,84,,,,,,,,26.0,bachelor,weekly,5.0
215,3,8,151,,,,,,,,26.0,bachelor,weekly,5.0
215,4,12,168,,,,,,,,26.0,bachelor,weekly,5.0
215,5,10,185,,,,,,,,26.0,bachelor,weekly,5.0
216,1,1,0,,,,,,,,28.0,master,monthly,5.0
216,2,4,90,,,,,,,,28.0,master,monthly,5.0
216,3,6,200,,,,,,,,28.0,master,monthly,5.0
216,4,8,242,,,,,,,,28.0,master,monthly,5.0
217,1,1,0,,,,,,,,29.0,D32,daily,2.0
217,2,12,207,,,,,,,,29.0,D32,daily,2.0
217,3,4,87,,,,,,,,29.0,D32,daily,2.0
217,4,12,269,,,,,,,,29.0,D32,daily,2.0
217,5,8,211,,,,,,,,29.0,D32,daily,2.0
219,1,8,76,,,,,,,,22.0,abitur,monthly,3.0
219,2,18,151,,,,,,,,22.0,abitur,monthly,3.0
219,3,6,45,,,,,,,,22.0,abitur,monthly,3.0
219,4,6,51,,,,,,,,22.0,abitur,monthly,3.0
219,5,4,36,,,,,,,,22.0,abitur,monthly,3.0
221,1,1,0,,,,,,,,27.0,abitur,weekly,6.0
221,2,6,83,,,,,,,,27.0,abitur,weekly,6.0
221,3,4,45,,,,,,,,27.0,abitur,weekly,6.0
221,4,6,73,,,,,,,,27.0,abitur,weekly,6.0
221,5,6,138,,,,,,,,27.0,abitur,weekly,6.0
222,1,6,171,,,,,,,,24.0,abitur,weekly,3.0
222,2,6,99,,,,,,,,24.0,abitur,weekly,3.0
222,3,4,132,,,,,,,,24.0,abitur,weekly,3.0
222,4,14,253,,,,,,,,24.0,abitur,weekly,3.0
222,5,8,173,,,,,,,,24.0,abitur,weekly,3.0
223,1,4,44,,,,,,,,26.0,middle_school,weekly,2.0
223,2,12,141,,,,,,,,26.0,middle_school,weekly,2.0
223,3,4,44,,,,,,,,26.0,middle_school,weekly,2.0
223,4,6,49,,,,,,,,26.0,middle_school,weekly,2.0
223,5,10,145,,,,,,,,26.0,middle_school,weekly,2.0
224,1,6,147,,,,,,,,35.0,master,weekly,7.0
224,2,20,318,,,,,,,,35.0,master,weekly,7.0
224,3,4,44,,,,,,,,35.0,master,weekly,7.0
224,4,12,248,,,,,,,,35.0,master,weekly,7.0
224,5,6,82,,,,,,,,35.0,master,weekly,7.0
225,1,6,57,,,,,,,,30.0,master,weekly,5.0
225,2,6,67,,,,,,,,30.0,master,weekly,5.0
225,3,6,101,,,,,,,,30.0,master,weekly,5.0
225,4,14,118,,,,,,,,30.0,master,weekly,5.0
225,5,6,41,,,,,,,,30.0,master,weekly,5.0
226,1,1,0,,,,,,,,25.0,bachelor,monthly,1.0
226,2,8,200,,,,,,,,25.0,bachelor,monthly,1.0
226,3,6,87,,,,,,,,25.0,bachelor,monthly,1.0
226,4,12,367,,,,,,,,25.0,bachelor,monthly,1.0
226,5,5,464,,,,,,,,25.0,bachelor,monthly,1.0
228,1,1,0,,,,,,,,23.0,abitur,monthly,4.0
228,2,12,198,,,,,,,,23.0,abitur,monthly,4.0
228,3,4,50,,,,,,,,23.0,abitur,monthly,4.0
228,4,6,53,,,,,,,,23.0,abitur,monthly,4.0
228,5,8,170,,,,,,,,23.0,abitur,monthly,4.0
229,1,3,109,,,,,,,,29.0,abitur,monthly,3.0
229,2,2,15,,,,,,,,29.0,abitur,monthly,3.0
229,3,8,126,,,,,,,,29.0,abitur,monthly,3.0
229,4,6,81,,,,,,,,29.0,abitur,monthly,3.0
229,5,4,423,,,,,,,,29.0,abitur,monthly,3.0
230,1,6,113,,,,,,,,28.0,bachelor,yearly,6.0
230,2,6,79,,,,,,,,28.0,bachelor,yearly,6.0
230,3,8,132,,,,,,,,28.0,bachelor,yearly,6.0
230,4,6,54,,,,,,,,28.0,bachelor,yearly,6.0
230,5,4,81,,,,,,,,28.0,bachelor,yearly,6.0
231,2,6,86,,,,,,,,,,,
232,1,18,287,,,,,,,,26.0,abitur,weekly,5.0
232,2,6,56,,,,,,,,26.0,abitur,weekly,5.0
232,3,4,76,,,,,,,,26.0,abitur,weekly,5.0
232,4,20,324,,,,,,,,26.0,abitur,weekly,5.0
232,5,10,142,,,,,,,,26.0,abitur,weekly,5.0
233,1,6,186,,,,,,,,26.0,abitur,yearly,5.0
233,2,18,363,,,,,,,,26.0,abitur,yearly,5.0
233,3,4,54,,,,,,,,26.0,abitur,yearly,5.0
233,4,4,57,,,,,,,,26.0,abitur,yearly,5.0
233,5,10,231,,,,,,,,26.0,abitur,yearly,5.0
234,1,8,129,,,,,,,,20.0,abitur,weekly,5.0
234,2,3,41,,,,,,,,20.0,abitur,weekly,5.0
234,3,2,9,,,,,,,,20.0,abitur,weekly,5.0
234,4,4,38,,,,,,,,20.0,abitur,weekly,5.0
234,5,6,166,,,,,,,,20.0,abitur,weekly,5.0
235,1,19,1616,,,,,,,,30.0,master,monthly,5.0
235,2,9,114,,,,,,,,30.0,master,monthly,5.0
235,3,8,152,,,,,,,,30.0,master,monthly,5.0
235,4,10,146,,,,,,,,30.0,master,monthly,5.0
235,5,10,170,,,,,,,,30.0,master,monthly,5.0
236,2,2,11,,,,,,,,,,,
237,1,2,12,,,,,,,,27.0,abitur,weekly,2.0
237,2,6,124,,,,,,,,27.0,abitur,weekly,2.0
237,3,1,0,,,,,,,,27.0,abitur,weekly,2.0
237,4,4,62,,,,,,,,27.0,abitur,weekly,2.0
237,5,4,55,,,,,,,,27.0,abitur,weekly,2.0
238,1,6,116,,,,,,,,29.0,master,monthly,3.0
238,2,13,407,,,,,,,,29.0,master,monthly,3.0
238,3,6,135,,,,,,,,29.0,master,monthly,3.0
238,4,4,118,,,,,,,,29.0,master,monthly,3.0
238,5,6,182,,,,,,,,29.0,master,monthly,3.0
124,1,2,16,,,,,,,,30.0,bachelor,weekly,5.0
124,2,1,0,,,,,,,,30.0,bachelor,weekly,5.0
124,3,4,81,,,,,,,,30.0,bachelor,weekly,5.0
124,4,4,77,,,,,,,,30.0,bachelor,weekly,5.0
124,5,2,31,,,,,,,,30.0,bachelor,weekly,5.0
125,1,4,98,,,,,,,,49.0,bachelor,daily,7.0
125,2,4,75,,,,,,,,49.0,bachelor,daily,7.0
125,3,4,67,,,,,,,,49.0,bachelor,daily,7.0
125,4,6,118,,,,,,,,49.0,bachelor,daily,7.0
125,5,4,71,,,,,,,,49.0,bachelor,daily,7.0
126,1,2,35,,,,,,,,23.0,abitur,monthly,2.0
126,2,6,104,,,,,,,,23.0,abitur,monthly,2.0
126,3,5,166,,,,,,,,23.0,abitur,monthly,2.0
126,4,4,73,,,,,,,,23.0,abitur,monthly,2.0
126,5,4,64,,,,,,,,23.0,abitur,monthly,2.0
127,1,1,0,,,,,,,,,,,
127,5,3,264,,,,,,,,,,,
128,1,4,44,,,,,,,,29.0,abitur,monthly,3.0
128,2,8,195,,,,,,,,29.0,abitur,monthly,3.0
128,3,4,148,,,,,,,,29.0,abitur,monthly,3.0
128,4,6,111,,,,,,,,29.0,abitur,monthly,3.0
128,5,7,440,,,,,,,,29.0,abitur,monthly,3.0
129,1,2,19,,,,,,,,28.0,bachelor,weekly,5.0
129,2,6,146,,,,,,,,28.0,bachelor,weekly,5.0
129,3,4,61,,,,,,,,28.0,bachelor,weekly,5.0
129,4,8,158,,,,,,,,28.0,bachelor,weekly,5.0
129,5,6,122,,,,,,,,28.0,bachelor,weekly,5.0
131,1,3,56,,,,,,,,33.0,master,daily,5.0
131,2,6,147,,,,,,,,33.0,master,daily,5.0
131,3,4,87,,,,,,,,33.0,master,daily,5.0
131,4,8,160,,,,,,,,33.0,master,daily,5.0
131,5,10,192,,,,,,,,33.0,master,daily,5.0
133,1,8,212,,,,,,,,46.0,bachelor,monthly,3.0
133,2,6,95,,,,,,,,46.0,bachelor,monthly,3.0
133,3,6,197,,,,,,,,46.0,bachelor,monthly,3.0
133,4,11,433,,,,,,,,46.0,bachelor,monthly,3.0
133,5,4,97,,,,,,,,46.0,bachelor,monthly,3.0
134,1,1,0,,,,,,,,24.0,middle_school,yearly,1.0
134,2,4,107,,,,,,,,24.0,middle_school,yearly,1.0
134,3,4,113,,,,,,,,24.0,middle_school,yearly,1.0
134,4,5,92,,,,,,,,24.0,middle_school,yearly,1.0
134,5,4,162,,,,,,,,24.0,middle_school,yearly,1.0
135,1,4,64,,,,,,,,28.0,bachelor,monthly,4.0
135,2,6,101,,,,,,,,28.0,bachelor,monthly,4.0
135,3,8,130,,,,,,,,28.0,bachelor,monthly,4.0
135,4,6,95,,,,,,,,28.0,bachelor,monthly,4.0
135,5,10,177,,,,,,,,28.0,bachelor,monthly,4.0
136,1,2,13,,,,,,,,60.0,master,monthly,1.0
136,2,6,226,,,,,,,,60.0,master,monthly,1.0
136,3,4,99,,,,,,,,60.0,master,monthly,1.0
136,4,4,269,,,,,,,,60.0,master,monthly,1.0
136,5,4,92,,,,,,,,60.0,master,monthly,1.0
138,1,2,17,,,,,,,,23.0,abitur,weekly,4.0
138,2,8,195,,,,,,,,23.0,abitur,weekly,4.0
138,3,4,44,,,,,,,,23.0,abitur,weekly,4.0
138,4,4,52,,,,,,,,23.0,abitur,weekly,4.0
138,5,6,90,,,,,,,,23.0,abitur,weekly,4.0
140,1,1,0,,,,,,,,42.0,phd,weekly,5.0
140,2,8,125,,,,,,,,42.0,phd,weekly,5.0
140,3,8,111,,,,,,,,42.0,phd,weekly,5.0
140,4,8,166,,,,,,,,42.0,phd,weekly,5.0
140,5,6,111,,,,,,,,42.0,phd,weekly,5.0
141,1,5,93,,,,,,,,27.0,middle_school,monthly,3.0
141,2,4,73,,,,,,,,27.0,middle_school,monthly,3.0
141,3,8,157,,,,,,,,27.0,middle_school,monthly,3.0
141,4,8,369,,,,,,,,27.0,middle_school,monthly,3.0
141,5,8,261,,,,,,,,27.0,middle_school,monthly,3.0
142,1,4,78,,,,,,,,35.0,master,daily,6.0
142,2,5,73,,,,,,,,35.0,master,daily,6.0
142,3,6,88,,,,,,,,35.0,master,daily,6.0
142,4,4,61,,,,,,,,35.0,master,daily,6.0
142,5,4,68,,,,,,,,35.0,master,daily,6.0
143,1,1,0,,,,,,,,52.0,bachelor,weekly,5.0
143,2,4,50,,,,,,,,52.0,bachelor,weekly,5.0
143,3,6,126,,,,,,,,52.0,bachelor,weekly,5.0
143,4,10,255,,,,,,,,52.0,bachelor,weekly,5.0
143,5,4,112,,,,,,,,52.0,bachelor,weekly,5.0
144,1,8,223,,,,,,,,32.0,bachelor,weekly,1.0
144,2,10,128,,,,,,,,32.0,bachelor,weekly,1.0
144,3,4,52,,,,,,,,32.0,bachelor,weekly,1.0
144,4,6,99,,,,,,,,32.0,bachelor,weekly,1.0
144,5,6,75,,,,,,,,32.0,bachelor,weekly,1.0
145,1,1,0,,,,,,,,24.0,abitur,weekly,4.0
149,1,2,12,,,,,,,,21.0,abitur,weekly,5.0
149,2,4,35,,,,,,,,21.0,abitur,weekly,5.0
149,3,4,45,,,,,,,,21.0,abitur,weekly,5.0
149,4,6,62,,,,,,,,21.0,abitur,weekly,5.0
149,5,10,217,,,,,,,,21.0,abitur,weekly,5.0
150,1,10,236,,,,,,,,29.0,bachelor,weekly,6.0
150,2,12,297,,,,,,,,29.0,bachelor,weekly,6.0
150,3,8,141,,,,,,,,29.0,bachelor,weekly,6.0
150,4,4,47,,,,,,,,29.0,bachelor,weekly,6.0
150,5,4,78,,,,,,,,29.0,bachelor,weekly,6.0
151,1,4,39,,,,,,,,27.0,master,monthly,5.0
151,2,6,101,,,,,,,,27.0,master,monthly,5.0
151,3,1,0,,,,,,,,27.0,master,monthly,5.0
151,4,10,265,,,,,,,,27.0,master,monthly,5.0
151,5,1,0,,,,,,,,27.0,master,monthly,5.0
152,1,6,79,,,,,,,,24.0,bachelor,daily,4.0
152,2,6,96,,,,,,,,24.0,bachelor,daily,4.0
152,3,4,50,,,,,,,,24.0,bachelor,daily,4.0
152,4,4,97,,,,,,,,24.0,bachelor,daily,4.0
152,5,4,60,,,,,,,,24.0,bachelor,daily,4.0
153,1,3,70,,,,,,,,22.0,bachelor,weekly,2.0
153,2,5,75,,,,,,,,22.0,bachelor,weekly,2.0
153,3,6,93,,,,,,,,22.0,bachelor,weekly,2.0
153,4,6,84,,,,,,,,22.0,bachelor,weekly,2.0
153,5,4,80,,,,,,,,22.0,bachelor,weekly,2.0
154,1,4,69,,,,,,,,24.0,bachelor,monthly,5.0
154,2,20,228,,,,,,,,24.0,bachelor,monthly,5.0
154,3,10,109,,,,,,,,24.0,bachelor,monthly,5.0
154,4,18,194,,,,,,,,24.0,bachelor,monthly,5.0
154,5,4,49,,,,,,,,24.0,bachelor,monthly,5.0
155,1,1,0,,,,,,,,34.0,master,monthly,7.0
155,2,8,114,,,,,,,,34.0,master,monthly,7.0
155,3,6,91,,,,,,,,34.0,master,monthly,7.0
155,4,6,58,,,,,,,,34.0,master,monthly,7.0
155,5,4,67,,,,,,,,34.0,master,monthly,7.0
156,1,2,15,,,,,,,,26.0,abitur,weekly,2.0
156,2,8,201,,,,,,,,26.0,abitur,weekly,2.0
156,3,8,192,,,,,,,,26.0,abitur,weekly,2.0
156,4,6,107,,,,,,,,26.0,abitur,weekly,2.0
156,5,1,0,,,,,,,,26.0,abitur,weekly,2.0
158,1,7,461,,,,,,,,,,,
159,1,8,186,,,,,,,,54.0,phd,daily,5.0
159,2,10,186,,,,,,,,54.0,phd,daily,5.0
159,3,8,118,,,,,,,,54.0,phd,daily,5.0
159,4,8,203,,,,,,,,54.0,phd,daily,5.0
159,5,6,278,,,,,,,,54.0,phd,daily,5.0
160,1,4,72,,,,,,,,40.0,phd,weekly,6.0
160,2,8,78,,,,,,,,40.0,phd,weekly,6.0
160,3,8,138,,,,,,,,40.0,phd,weekly,6.0
160,4,4,52,,,,,,,,40.0,phd,weekly,6.0
160,5,9,237,,,,,,,,40.0,phd,weekly,6.0
161,1,3,112,,,,,,,,34.0,phd,monthly,5.0
161,2,6,84,,,,,,,,34.0,phd,monthly,5.0
161,3,2,8,,,,,,,,34.0,phd,monthly,5.0
161,4,6,80,,,,,,,,34.0,phd,monthly,5.0
161,5,14,207,,,,,,,,34.0,phd,monthly,5.0
162,3,18,985,,,,,,,,,,,
163,1,1,0,,,,,,,,36.0,bachelor,daily,3.0
163,2,10,173,,,,,,,,36.0,bachelor,daily,3.0
163,3,12,209,,,,,,,,36.0,bachelor,daily,3.0
163,4,6,160,,,,,,,,36.0,bachelor,daily,3.0
163,5,4,68,,,,,,,,36.0,bachelor,daily,3.0
164,3,6,89,,,,,,,,,,,
166,1,2,16,,,,,,,,,,,
166,2,10,305,,,,,,,,,,,
166,4,8,139,,,,,,,,,,,
167,1,6,95,,,,,,,,23.0,abitur,daily,5.0
167,2,10,136,,,,,,,,23.0,abitur,daily,5.0
167,3,6,56,,,,,,,,23.0,abitur,daily,5.0
167,4,4,43,,,,,,,,23.0,abitur,daily,5.0
167,5,8,132,,,,,,,,23.0,abitur,daily,5.0
168,1,2,19,,,,,,,,25.0,bachelor,weekly,5.0
168,2,4,54,,,,,,,,25.0,bachelor,weekly,5.0
168,3,4,58,,,,,,,,25.0,bachelor,weekly,5.0
168,4,9,106,,,,,,,,25.0,bachelor,weekly,5.0
168,5,4,77,,,,,,,,25.0,bachelor,weekly,5.0
169,1,4,39,,,,,,,,27.0,master,yearly,6.0
169,2,10,168,,,,,,,,27.0,master,yearly,6.0
169,3,6,1794,,,,,,,,27.0,master,yearly,6.0
169,4,4,55,,,,,,,,27.0,master,yearly,6.0
169,5,8,151,,,,,,,,27.0,master,yearly,6.0
170,1,4,39,,,,,,,,26.0,bachelor,monthly,5.0
170,2,6,84,,,,,,,,26.0,bachelor,monthly,5.0
170,3,2,12,,,,,,,,26.0,bachelor,monthly,5.0
170,4,9,273,,,,,,,,26.0,bachelor,monthly,5.0
170,5,3,197,,,,,,,,26.0,bachelor,monthly,5.0
171,1,8,207,,,,,,,,33.0,master,yearly,5.0
171,2,8,215,,,,,,,,33.0,master,yearly,5.0
171,3,1,0,,,,,,,,33.0,master,yearly,5.0
171,4,6,74,,,,,,,,33.0,master,yearly,5.0
171,5,8,127,,,,,,,,33.0,master,yearly,5.0
172,2,7,272,,,,,,,,,,,
173,1,4,37,,,,,,,,32.0,bachelor,weekly,2.0
173,2,10,270,,,,,,,,32.0,bachelor,weekly,2.0
173,3,6,98,,,,,,,,32.0,bachelor,weekly,2.0
173,4,6,312,,,,,,,,32.0,bachelor,weekly,2.0
173,5,2,12,,,,,,,,32.0,bachelor,weekly,2.0
174,1,7,86,,,,,,,,29.0,bachelor,weekly,6.0
174,2,6,119,,,,,,,,29.0,bachelor,weekly,6.0
174,3,6,146,,,,,,,,29.0,bachelor,weekly,6.0
174,4,12,262,,,,,,,,29.0,bachelor,weekly,6.0
174,5,8,178,,,,,,,,29.0,bachelor,weekly,6.0
175,1,3,53,,,,,,,,26.0,bachelor,weekly,4.0
175,2,10,276,,,,,,,,26.0,bachelor,weekly,4.0
175,3,4,58,,,,,,,,26.0,bachelor,weekly,4.0
175,4,6,67,,,,,,,,26.0,bachelor,weekly,4.0
175,5,6,198,,,,,,,,26.0,bachelor,weekly,4.0
176,1,6,99,,,,,,,,58.0,phd,yearly,5.0
176,2,2,14,,,,,,,,58.0,phd,yearly,5.0
176,3,2,9,,,,,,,,58.0,phd,yearly,5.0
176,4,10,245,,,,,,,,58.0,phd,yearly,5.0
176,5,4,60,,,,,,,,58.0,phd,yearly,5.0
177,1,4,88,,,,,,,,50.0,master,monthly,4.0
177,2,7,167,,,,,,,,50.0,master,monthly,4.0
177,3,4,60,,,,,,,,50.0,master,monthly,4.0
177,4,4,48,,,,,,,,50.0,master,monthly,4.0
177,5,6,229,,,,,,,,50.0,master,monthly,4.0
178,1,6,80,,,,,,,,34.0,abitur,daily,4.0
178,2,15,227,,,,,,,,34.0,abitur,daily,4.0
178,3,6,109,,,,,,,,34.0,abitur,daily,4.0
178,4,6,215,,,,,,,,34.0,abitur,daily,4.0
178,5,9,112,,,,,,,,34.0,abitur,daily,4.0
179,1,6,93,,,,,,,,20.0,abitur,daily,3.0
179,2,6,74,,,,,,,,20.0,abitur,daily,3.0
179,3,4,61,,,,,,,,20.0,abitur,daily,3.0
179,4,4,47,,,,,,,,20.0,abitur,daily,3.0
179,5,4,65,,,,,,,,20.0,abitur,daily,3.0
180,1,4,60,,,,,,,,33.0,bachelor,daily,6.0
180,2,6,153,,,,,,,,33.0,bachelor,daily,6.0
180,3,2,8,,,,,,,,33.0,bachelor,daily,6.0
180,4,1,0,,,,,,,,33.0,bachelor,daily,6.0
180,5,2,12,,,,,,,,33.0,bachelor,daily,6.0
181,1,1,0,,,,,,,,25.0,abitur,weekly,2.0
181,2,6,433,,,,,,,,25.0,abitur,weekly,2.0
182,1,1,0,,,,,,,,25.0,bachelor,monthly,2.0
182,2,6,139,,,,,,,,25.0,bachelor,monthly,2.0
182,3,4,70,,,,,,,,25.0,bachelor,monthly,2.0
182,4,6,110,,,,,,,,25.0,bachelor,monthly,2.0
182,5,6,223,,,,,,,,25.0,bachelor,monthly,2.0
183,1,2,15,,,,,,,,24.0,bachelor,monthly,3.0
183,2,12,214,,,,,,,,24.0,bachelor,monthly,3.0
183,3,4,86,,,,,,,,24.0,bachelor,monthly,3.0
183,4,6,82,,,,,,,,24.0,bachelor,monthly,3.0
183,5,4,92,,,,,,,,24.0,bachelor,monthly,3.0
184,1,1,0,,,,,,,,26.0,master,weekly,7.0
184,2,6,102,,,,,,,,26.0,master,weekly,7.0
184,3,4,88,,,,,,,,26.0,master,weekly,7.0
184,4,6,71,,,,,,,,26.0,master,weekly,7.0
184,5,4,24,,,,,,,,26.0,master,weekly,7.0
185,1,2,11,,,,,,,,58.0,middle_school,weekly,3.0
185,2,6,110,,,,,,,,58.0,middle_school,weekly,3.0
185,3,4,147,,,,,,,,58.0,middle_school,weekly,3.0
185,4,2,12,,,,,,,,58.0,middle_school,weekly,3.0
185,5,4,220,,,,,,,,58.0,middle_school,weekly,3.0
186,1,14,265,,,,,,,,25.0,master,monthly,6.0
186,2,3,38,,,,,,,,25.0,master,monthly,6.0
186,3,2,13,,,,,,,,25.0,master,monthly,6.0
186,4,8,124,,,,,,,,25.0,master,monthly,6.0
186,5,4,69,,,,,,,,25.0,master,monthly,6.0
187,1,1,0,,,,,,,,32.0,bachelor,daily,2.0
187,2,6,100,,,,,,,,32.0,bachelor,daily,2.0
187,3,4,77,,,,,,,,32.0,bachelor,daily,2.0
187,4,10,173,,,,,,,,32.0,bachelor,daily,2.0
187,5,6,153,,,,,,,,32.0,bachelor,daily,2.0
189,1,6,185,,,,,,,,31.0,bachelor,daily,5.0
189,2,1,0,,,,,,,,31.0,bachelor,daily,5.0
189,3,6,140,,,,,,,,31.0,bachelor,daily,5.0
189,4,8,99,,,,,,,,31.0,bachelor,daily,5.0
189,5,4,156,,,,,,,,31.0,bachelor,daily,5.0
190,1,10,116,,,,,,,,26.0,master,yearly,1.0
190,2,8,152,,,,,,,,26.0,master,yearly,1.0
190,3,8,185,,,,,,,,26.0,master,yearly,1.0
190,4,4,51,,,,,,,,26.0,master,yearly,1.0
190,5,4,81,,,,,,,,26.0,master,yearly,1.0
191,1,4,31,,,,,,,,35.0,master,monthly,4.0
191,2,12,207,,,,,,,,35.0,master,monthly,4.0
191,3,6,89,,,,,,,,35.0,master,monthly,4.0
191,4,18,336,,,,,,,,35.0,master,monthly,4.0
191,5,12,208,,,,,,,,35.0,master,monthly,4.0
192,1,3,38,,,,,,,,30.0,master,daily,6.0
192,2,6,97,,,,,,,,30.0,master,daily,6.0
192,3,10,193,,,,,,,,30.0,master,daily,6.0
192,4,12,141,,,,,,,,30.0,master,daily,6.0
192,5,5,42,,,,,,,,30.0,master,daily,6.0
193,1,1,0,,,,,,,,21.0,abitur,monthly,3.0
193,2,8,388,,,,,,,,21.0,abitur,monthly,3.0
193,3,8,144,,,,,,,,21.0,abitur,monthly,3.0
193,4,12,222,,,,,,,,21.0,abitur,monthly,3.0
193,5,4,81,,,,,,,,21.0,abitur,monthly,3.0
194,5,6,241,,,,,,,,,,,
197,2,9,824,,,,,,,,,,,
198,1,7,228,,,,,,,,36.0,phd,yearly,4.0
198,2,18,286,,,,,,,,36.0,phd,yearly,4.0
198,3,8,98,,,,,,,,36.0,phd,yearly,4.0
198,4,16,235,,,,,,,,36.0,phd,yearly,4.0
198,5,8,144,,,,,,,,36.0,phd,yearly,4.0
199,1,8,93,,,,,,,,39.0,abitur,weekly,6.0
199,2,25,359,,,,,,,,39.0,abitur,weekly,6.0
199,3,6,78,,,,,,,,39.0,abitur,weekly,6.0
199,4,8,76,,,,,,,,39.0,abitur,weekly,6.0
199,5,6,90,,,,,,,,39.0,abitur,weekly,6.0
201,1,14,139,,,,,,,,32.0,middle_school,monthly,5.0
201,2,13,223,,,,,,,,32.0,middle_school,monthly,5.0
201,3,8,77,,,,,,,,32.0,middle_school,monthly,5.0
201,4,14,253,,,,,,,,32.0,middle_school,monthly,5.0
201,5,8,147,,,,,,,,32.0,middle_school,monthly,5.0
203,1,6,130,,,,,,,,36.0,bachelor,monthly,2.0
203,2,10,141,,,,,,,,36.0,bachelor,monthly,2.0
203,3,6,81,,,,,,,,36.0,bachelor,monthly,2.0
203,4,12,388,,,,,,,,36.0,bachelor,monthly,2.0
203,5,8,131,,,,,,,,36.0,bachelor,monthly,2.0
205,2,8,241,,,,,,,,,,,
205,4,7,466,,,,,,,,,,,
206,1,5,140,,,,,,,,44.0,master,yearly,4.0
206,2,4,98,,,,,,,,44.0,master,yearly,4.0
206,3,4,64,,,,,,,,44.0,master,yearly,4.0
206,4,4,110,,,,,,,,44.0,master,yearly,4.0
206,5,4,97,,,,,,,,44.0,master,yearly,4.0
207,1,5,270,,,,,,,,,,,
207,5,8,382,,,,,,,,,,,
208,1,2,10,,,,,,,,23.0,abitur,weekly,5.0
208,2,1,0,,,,,,,,23.0,abitur,weekly,5.0
208,3,2,7,,,,,,,,23.0,abitur,weekly,5.0
208,4,6,69,,,,,,,,23.0,abitur,weekly,5.0
208,5,2,12,,,,,,,,23.0,abitur,weekly,5.0
209,1,4,50,,,,,,,,28.0,master,weekly,6.0
209,2,1,0,,,,,,,,28.0,master,weekly,6.0
209,3,4,50,,,,,,,,28.0,master,weekly,6.0
209,4,4,56,,,,,,,,28.0,master,weekly,6.0
209,5,4,54,,,,,,,,28.0,master,weekly,6.0
211,1,4,92,,,,,,,,38.0,bachelor,weekly,4.0
211,2,4,28,,,,,,,,38.0,bachelor,weekly,4.0
211,3,4,29,,,,,,,,38.0,bachelor,weekly,4.0
211,4,1,0,,,,,,,,38.0,bachelor,weekly,4.0
211,5,6,74,,,,,,,,38.0,bachelor,weekly,4.0
215,1,1,0,,,,,,,,26.0,bachelor,weekly,5.0
215,2,7,84,,,,,,,,26.0,bachelor,weekly,5.0
215,3,8,151,,,,,,,,26.0,bachelor,weekly,5.0
215,4,12,168,,,,,,,,26.0,bachelor,weekly,5.0
215,5,10,185,,,,,,,,26.0,bachelor,weekly,5.0
216,1,1,0,,,,,,,,28.0,master,monthly,5.0
216,2,4,90,,,,,,,,28.0,master,monthly,5.0
216,3,6,200,,,,,,,,28.0,master,monthly,5.0
216,4,8,242,,,,,,,,28.0,master,monthly,5.0
217,1,1,0,,,,,,,,29.0,D32,daily,2.0
217,2,12,207,,,,,,,,29.0,D32,daily,2.0
217,3,4,87,,,,,,,,29.0,D32,daily,2.0
217,4,12,269,,,,,,,,29.0,D32,daily,2.0
217,5,8,211,,,,,,,,29.0,D32,daily,2.0
219,1,8,76,,,,,,,,22.0,abitur,monthly,3.0
219,2,18,151,,,,,,,,22.0,abitur,monthly,3.0
219,3,6,45,,,,,,,,22.0,abitur,monthly,3.0
219,4,6,51,,,,,,,,22.0,abitur,monthly,3.0
219,5,4,36,,,,,,,,22.0,abitur,monthly,3.0
221,1,1,0,,,,,,,,27.0,abitur,weekly,6.0
221,2,6,83,,,,,,,,27.0,abitur,weekly,6.0
221,3,4,45,,,,,,,,27.0,abitur,weekly,6.0
221,4,6,73,,,,,,,,27.0,abitur,weekly,6.0
221,5,6,138,,,,,,,,27.0,abitur,weekly,6.0
222,1,6,171,,,,,,,,24.0,abitur,weekly,3.0
222,2,6,99,,,,,,,,24.0,abitur,weekly,3.0
222,3,4,132,,,,,,,,24.0,abitur,weekly,3.0
222,4,14,253,,,,,,,,24.0,abitur,weekly,3.0
222,5,8,173,,,,,,,,24.0,abitur,weekly,3.0
223,1,4,44,,,,,,,,26.0,middle_school,weekly,2.0
223,2,12,141,,,,,,,,26.0,middle_school,weekly,2.0
223,3,4,44,,,,,,,,26.0,middle_school,weekly,2.0
223,4,6,49,,,,,,,,26.0,middle_school,weekly,2.0
223,5,10,145,,,,,,,,26.0,middle_school,weekly,2.0
224,1,6,147,,,,,,,,35.0,master,weekly,7.0
224,2,20,318,,,,,,,,35.0,master,weekly,7.0
224,3,4,44,,,,,,,,35.0,master,weekly,7.0
224,4,12,248,,,,,,,,35.0,master,weekly,7.0
224,5,6,82,,,,,,,,35.0,master,weekly,7.0
225,1,6,57,,,,,,,,30.0,master,weekly,5.0
225,2,6,67,,,,,,,,30.0,master,weekly,5.0
225,3,6,101,,,,,,,,30.0,master,weekly,5.0
225,4,14,118,,,,,,,,30.0,master,weekly,5.0
225,5,6,41,,,,,,,,30.0,master,weekly,5.0
226,1,1,0,,,,,,,,25.0,bachelor,monthly,1.0
226,2,8,200,,,,,,,,25.0,bachelor,monthly,1.0
226,3,6,87,,,,,,,,25.0,bachelor,monthly,1.0
226,4,12,367,,,,,,,,25.0,bachelor,monthly,1.0
226,5,5,464,,,,,,,,25.0,bachelor,monthly,1.0
228,1,1,0,,,,,,,,23.0,abitur,monthly,4.0
228,2,12,198,,,,,,,,23.0,abitur,monthly,4.0
228,3,4,50,,,,,,,,23.0,abitur,monthly,4.0
228,4,6,53,,,,,,,,23.0,abitur,monthly,4.0
228,5,8,170,,,,,,,,23.0,abitur,monthly,4.0
229,1,3,109,,,,,,,,29.0,abitur,monthly,3.0
229,2,2,15,,,,,,,,29.0,abitur,monthly,3.0
229,3,8,126,,,,,,,,29.0,abitur,monthly,3.0
229,4,6,81,,,,,,,,29.0,abitur,monthly,3.0
229,5,4,423,,,,,,,,29.0,abitur,monthly,3.0
230,1,6,113,,,,,,,,28.0,bachelor,yearly,6.0
230,2,6,79,,,,,,,,28.0,bachelor,yearly,6.0
230,3,8,132,,,,,,,,28.0,bachelor,yearly,6.0
230,4,6,54,,,,,,,,28.0,bachelor,yearly,6.0
230,5,4,81,,,,,,,,28.0,bachelor,yearly,6.0
231,2,6,86,,,,,,,,,,,
232,1,18,287,,,,,,,,26.0,abitur,weekly,5.0
232,2,6,56,,,,,,,,26.0,abitur,weekly,5.0
232,3,4,76,,,,,,,,26.0,abitur,weekly,5.0
232,4,20,324,,,,,,,,26.0,abitur,weekly,5.0
232,5,10,142,,,,,,,,26.0,abitur,weekly,5.0
233,1,6,186,,,,,,,,26.0,abitur,yearly,5.0
233,2,18,363,,,,,,,,26.0,abitur,yearly,5.0
233,3,4,54,,,,,,,,26.0,abitur,yearly,5.0
233,4,4,57,,,,,,,,26.0,abitur,yearly,5.0
233,5,10,231,,,,,,,,26.0,abitur,yearly,5.0
234,1,8,129,,,,,,,,20.0,abitur,weekly,5.0
234,2,3,41,,,,,,,,20.0,abitur,weekly,5.0
234,3,2,9,,,,,,,,20.0,abitur,weekly,5.0
234,4,4,38,,,,,,,,20.0,abitur,weekly,5.0
234,5,6,166,,,,,,,,20.0,abitur,weekly,5.0
235,1,19,1616,,,,,,,,30.0,master,monthly,5.0
235,2,9,114,,,,,,,,30.0,master,monthly,5.0
235,3,8,152,,,,,,,,30.0,master,monthly,5.0
235,4,10,146,,,,,,,,30.0,master,monthly,5.0
235,5,10,170,,,,,,,,30.0,master,monthly,5.0
236,2,2,11,,,,,,,,,,,
237,1,2,12,,,,,,,,27.0,abitur,weekly,2.0
237,2,6,124,,,,,,,,27.0,abitur,weekly,2.0
237,3,1,0,,,,,,,,27.0,abitur,weekly,2.0
237,4,4,62,,,,,,,,27.0,abitur,weekly,2.0
237,5,4,55,,,,,,,,27.0,abitur,weekly,2.0
238,1,6,116,,,,,,,,29.0,master,monthly,3.0
238,2,13,407,,,,,,,,29.0,master,monthly,3.0
238,3,6,135,,,,,,,,29.0,master,monthly,3.0
238,4,4,118,,,,,,,,29.0,master,monthly,3.0
238,5,6,182,,,,,,,,29.0,master,monthly,3.0
